#blk,date,icons
1,2014-04-01,ペット
1,2014-04-02,プ・油・特
1,2014-04-03,可・ビン
1,2014-04-04,他資源
1,2014-04-05,
1,2014-04-06,
1,2014-04-07,可・ビン
1,2014-04-08,カン
1,2014-04-09,プ・油・特
1,2014-04-10,可・ビン
1,2014-04-11,本・不・商
1,2014-04-12,
1,2014-04-13,
1,2014-04-14,可・ビン
1,2014-04-15,ペット
1,2014-04-16,プ・油・特
1,2014-04-17,可・ビン
1,2014-04-18,他資源
1,2014-04-19,
1,2014-04-20,
1,2014-04-21,可・ビン
1,2014-04-22,カン
1,2014-04-23,プ・油・特
1,2014-04-24,可・ビン
1,2014-04-25,本・不・商
1,2014-04-26,
1,2014-04-27,
1,2014-04-28,可・ビン
1,2014-04-29,ペット
1,2014-04-30,プ・油・特
1,2014-05-01,可・ビン
1,2014-05-02,他資源
1,2014-05-03,
1,2014-05-04,
1,2014-05-05,可・ビン
1,2014-05-06,カン
1,2014-05-07,プ・油・特
1,2014-05-08,可・ビン
1,2014-05-09,本・不・商
1,2014-05-10,
1,2014-05-11,
1,2014-05-12,可・ビン
1,2014-05-13,ペット
1,2014-05-14,プ・油・特
1,2014-05-15,可・ビン
1,2014-05-16,他資源
1,2014-05-17,
1,2014-05-18,
1,2014-05-19,可・ビン
1,2014-05-20,カン
1,2014-05-21,プ・油・特
1,2014-05-22,可・ビン
1,2014-05-23,本・不・商
1,2014-05-24,
1,2014-05-25,
1,2014-05-26,可・ビン
1,2014-05-27,ペット
1,2014-05-28,プ・油・特
1,2014-05-29,可・ビン
1,2014-05-30,他資源
1,2014-05-31,
1,2014-06-01,
1,2014-06-02,可・ビン
1,2014-06-03,カン
1,2014-06-04,プ・油・特
1,2014-06-05,可・ビン
1,2014-06-06,本・不・商
1,2014-06-07,
1,2014-06-08,
1,2014-06-09,可・ビン
1,2014-06-10,ペット
1,2014-06-11,プ・油・特
1,2014-06-12,可・ビン
1,2014-06-13,他資源
1,2014-06-14,
1,2014-06-15,
1,2014-06-16,可・ビン
1,2014-06-17,カン
1,2014-06-18,プ・油・特
1,2014-06-19,可・ビン
1,2014-06-20,本・不・商
1,2014-06-21,
1,2014-06-22,
1,2014-06-23,可・ビン
1,2014-06-24,ペット
1,2014-06-25,プ・油・特
1,2014-06-26,可・ビン
1,2014-06-27,他資源
1,2014-06-28,
1,2014-06-29,
1,2014-06-30,可・ビン
1,2014-07-01,カン
1,2014-07-02,プ・油・特
1,2014-07-03,可・ビン
1,2014-07-04,本・不・商
1,2014-07-05,
1,2014-07-06,
1,2014-07-07,可・ビン
1,2014-07-08,ペット
1,2014-07-09,プ・油・特
1,2014-07-10,可・ビン
1,2014-07-11,他資源
1,2014-07-12,
1,2014-07-13,
1,2014-07-14,可・ビン
1,2014-07-15,カン
1,2014-07-16,プ・油・特
1,2014-07-17,可・ビン
1,2014-07-18,本・不・商
1,2014-07-19,
1,2014-07-20,
1,2014-07-21,可・ビン
1,2014-07-22,ペット
1,2014-07-23,プ・油・特
1,2014-07-24,可・ビン
1,2014-07-25,他資源
1,2014-07-26,
1,2014-07-27,
1,2014-07-28,可・ビン
1,2014-07-29,カン
1,2014-07-30,プ・油・特
1,2014-07-31,可・ビン
1,2014-08-01,本・不・商
1,2014-08-02,
1,2014-08-03,
1,2014-08-04,可・ビン
1,2014-08-05,ペット
1,2014-08-06,プ・油・特
1,2014-08-07,可・ビン
1,2014-08-08,他資源
1,2014-08-09,
1,2014-08-10,
1,2014-08-11,可・ビン
1,2014-08-12,カン
1,2014-08-13,プ・油・特
1,2014-08-14,可・ビン
1,2014-08-15,本・不・商
1,2014-08-16,
1,2014-08-17,
1,2014-08-18,可・ビン
1,2014-08-19,ペット
1,2014-08-20,プ・油・特
1,2014-08-21,可・ビン
1,2014-08-22,他資源
1,2014-08-23,
1,2014-08-24,
1,2014-08-25,可・ビン
1,2014-08-26,カン
1,2014-08-27,プ・油・特
1,2014-08-28,可・ビン
1,2014-08-29,本・不・商
1,2014-08-30,
1,2014-08-31,
1,2014-09-01,可・ビン
1,2014-09-02,ペット
1,2014-09-03,プ・油・特
1,2014-09-04,可・ビン
1,2014-09-05,他資源
1,2014-09-06,
1,2014-09-07,
1,2014-09-08,可・ビン
1,2014-09-09,カン
1,2014-09-10,プ・油・特
1,2014-09-11,可・ビン
1,2014-09-12,本・不・商
1,2014-09-13,
1,2014-09-14,
1,2014-09-15,可・ビン
1,2014-09-16,ペット
1,2014-09-17,プ・油・特
1,2014-09-18,可・ビン
1,2014-09-19,他資源
1,2014-09-20,
1,2014-09-21,
1,2014-09-22,可・ビン
1,2014-09-23,カン
1,2014-09-24,プ・油・特
1,2014-09-25,可・ビン
1,2014-09-26,本・不・商
1,2014-09-27,
1,2014-09-28,
1,2014-09-29,可・ビン
1,2014-09-30,ペット
1,2014-10-01,プ・油・特
1,2014-10-02,可・ビン
1,2014-10-03,他資源
1,2014-10-04,
1,2014-10-05,
1,2014-10-06,可・ビン
1,2014-10-07,カン
1,2014-10-08,プ・油・特
1,2014-10-09,可・ビン
1,2014-10-10,本・不・商
1,2014-10-11,
1,2014-10-12,
1,2014-10-13,可・ビン
1,2014-10-14,ペット
1,2014-10-15,プ・油・特
1,2014-10-16,可・ビン
1,2014-10-17,他資源
1,2014-10-18,
1,2014-10-19,
1,2014-10-20,可・ビン
1,2014-10-21,カン
1,2014-10-22,プ・油・特
1,2014-10-23,可・ビン
1,2014-10-24,本・不・商
1,2014-10-25,
1,2014-10-26,
1,2014-10-27,可・ビン
1,2014-10-28,ペット
1,2014-10-29,プ・油・特
1,2014-10-30,可・ビン
1,2014-10-31,他資源
1,2014-11-01,
1,2014-11-02,
1,2014-11-03,可・ビン
1,2014-11-04,カン
1,2014-11-05,プ・油・特
1,2014-11-06,可・ビン
1,2014-11-07,本・不・商
1,2014-11-08,
1,2014-11-09,
1,2014-11-10,可・ビン
1,2014-11-11,ペット
1,2014-11-12,プ・油・特
1,2014-11-13,可・ビン
1,2014-11-14,他資源
1,2014-11-15,
1,2014-11-16,
1,2014-11-17,可・ビン
1,2014-11-18,カン
1,2014-11-19,プ・油・特
1,2014-11-20,可・ビン
1,2014-11-21,本・不・商
1,2014-11-22,
1,2014-11-23,
1,2014-11-24,可・ビン
1,2014-11-25,ペット
1,2014-11-26,プ・油・特
1,2014-11-27,可・ビン
1,2014-11-28,他資源
1,2014-11-29,
1,2014-11-30,
1,2014-12-01,可・ビン
1,2014-12-02,カン
1,2014-12-03,プ・油・特
1,2014-12-04,可・ビン
1,2014-12-05,本・不・商
1,2014-12-06,
1,2014-12-07,
1,2014-12-08,可・ビン
1,2014-12-09,ペット
1,2014-12-10,プ・油・特
1,2014-12-11,可・ビン
1,2014-12-12,他資源
1,2014-12-13,
1,2014-12-14,
1,2014-12-15,可・ビン
1,2014-12-16,カン
1,2014-12-17,プ・油・特
1,2014-12-18,可・ビン
1,2014-12-19,本・不・商
1,2014-12-20,
1,2014-12-21,
1,2014-12-22,可・ビン
1,2014-12-23,ペット
1,2014-12-24,プ・油・特
1,2014-12-25,可・ビン
1,2014-12-26,他資源
1,2014-12-27,
1,2014-12-28,
1,2014-12-29,可・ビン
1,2014-12-30,カン
1,2014-12-31,
1,2015-01-01,
1,2015-01-02,
1,2015-01-03,
1,2015-01-04,
1,2015-01-05,可・ビン
1,2015-01-06,ペット
1,2015-01-07,プ・油・特
1,2015-01-08,可・ビン
1,2015-01-09,本・不・商
1,2015-01-10,
1,2015-01-11,
1,2015-01-12,可・ビン
1,2015-01-13,カン
1,2015-01-14,プ・油・特
1,2015-01-15,可・ビン
1,2015-01-16,他資源
1,2015-01-17,
1,2015-01-18,
1,2015-01-19,可・ビン
1,2015-01-20,ペット
1,2015-01-21,プ・油・特
1,2015-01-22,可・ビン
1,2015-01-23,本・不・商
1,2015-01-24,
1,2015-01-25,
1,2015-01-26,可・ビン
1,2015-01-27,カン
1,2015-01-28,プ・油・特
1,2015-01-29,可・ビン
1,2015-01-30,他資源
1,2015-01-31,
1,2015-02-01,
1,2015-02-02,可・ビン
1,2015-02-03,ペット
1,2015-02-04,プ・油・特
1,2015-02-05,可・ビン
1,2015-02-06,本・不・商
1,2015-02-07,
1,2015-02-08,
1,2015-02-09,可・ビン
1,2015-02-10,カン
1,2015-02-11,プ・油・特
1,2015-02-12,可・ビン
1,2015-02-13,他資源
1,2015-02-14,
1,2015-02-15,
1,2015-02-16,可・ビン
1,2015-02-17,ペット
1,2015-02-18,プ・油・特
1,2015-02-19,可・ビン
1,2015-02-20,本・不・商
1,2015-02-21,
1,2015-02-22,
1,2015-02-23,可・ビン
1,2015-02-24,カン
1,2015-02-25,プ・油・特
1,2015-02-26,可・ビン
1,2015-02-27,他資源
1,2015-02-28,
1,2015-03-01,
1,2015-03-02,可・ビン
1,2015-03-03,ペット
1,2015-03-04,プ・油・特
1,2015-03-05,可・ビン
1,2015-03-06,本・不・商
1,2015-03-07,
1,2015-03-08,
1,2015-03-09,可・ビン
1,2015-03-10,カン
1,2015-03-11,プ・油・特
1,2015-03-12,可・ビン
1,2015-03-13,他資源
1,2015-03-14,
1,2015-03-15,
1,2015-03-16,可・ビン
1,2015-03-17,ペット
1,2015-03-18,プ・油・特
1,2015-03-19,可・ビン
1,2015-03-20,本・不・商
1,2015-03-21,
1,2015-03-22,
1,2015-03-23,可・ビン
1,2015-03-24,カン
1,2015-03-25,プ・油・特
1,2015-03-26,可・ビン
1,2015-03-27,他資源
1,2015-03-28,
1,2015-03-29,
1,2015-03-30,可・ビン
1,2015-03-31,ペット
2,2014-04-01,本・不・商
2,2014-04-02,プ・油・特
2,2014-04-03,可・ビン
2,2014-04-04,ペット
2,2014-04-05,
2,2014-04-06,
2,2014-04-07,可・ビン
2,2014-04-08,他資源
2,2014-04-09,プ・油・特
2,2014-04-10,可・ビン
2,2014-04-11,カン
2,2014-04-12,
2,2014-04-13,
2,2014-04-14,可・ビン
2,2014-04-15,本・不・商
2,2014-04-16,プ・油・特
2,2014-04-17,可・ビン
2,2014-04-18,ペット
2,2014-04-19,
2,2014-04-20,
2,2014-04-21,可・ビン
2,2014-04-22,他資源
2,2014-04-23,プ・油・特
2,2014-04-24,可・ビン
2,2014-04-25,カン
2,2014-04-26,
2,2014-04-27,
2,2014-04-28,可・ビン
2,2014-04-29,本・不・商
2,2014-04-30,プ・油・特
2,2014-05-01,可・ビン
2,2014-05-02,ペット
2,2014-05-03,
2,2014-05-04,
2,2014-05-05,可・ビン
2,2014-05-06,他資源
2,2014-05-07,プ・油・特
2,2014-05-08,可・ビン
2,2014-05-09,カン
2,2014-05-10,
2,2014-05-11,
2,2014-05-12,可・ビン
2,2014-05-13,本・不・商
2,2014-05-14,プ・油・特
2,2014-05-15,可・ビン
2,2014-05-16,ペット
2,2014-05-17,
2,2014-05-18,
2,2014-05-19,可・ビン
2,2014-05-20,他資源
2,2014-05-21,プ・油・特
2,2014-05-22,可・ビン
2,2014-05-23,カン
2,2014-05-24,
2,2014-05-25,
2,2014-05-26,可・ビン
2,2014-05-27,本・不・商
2,2014-05-28,プ・油・特
2,2014-05-29,可・ビン
2,2014-05-30,ペット
2,2014-05-31,
2,2014-06-01,
2,2014-06-02,可・ビン
2,2014-06-03,他資源
2,2014-06-04,プ・油・特
2,2014-06-05,可・ビン
2,2014-06-06,カン
2,2014-06-07,
2,2014-06-08,
2,2014-06-09,可・ビン
2,2014-06-10,本・不・商
2,2014-06-11,プ・油・特
2,2014-06-12,可・ビン
2,2014-06-13,ペット
2,2014-06-14,
2,2014-06-15,
2,2014-06-16,可・ビン
2,2014-06-17,他資源
2,2014-06-18,プ・油・特
2,2014-06-19,可・ビン
2,2014-06-20,カン
2,2014-06-21,
2,2014-06-22,
2,2014-06-23,可・ビン
2,2014-06-24,本・不・商
2,2014-06-25,プ・油・特
2,2014-06-26,可・ビン
2,2014-06-27,ペット
2,2014-06-28,
2,2014-06-29,
2,2014-06-30,可・ビン
2,2014-07-01,他資源
2,2014-07-02,プ・油・特
2,2014-07-03,可・ビン
2,2014-07-04,カン
2,2014-07-05,
2,2014-07-06,
2,2014-07-07,可・ビン
2,2014-07-08,本・不・商
2,2014-07-09,プ・油・特
2,2014-07-10,可・ビン
2,2014-07-11,ペット
2,2014-07-12,
2,2014-07-13,
2,2014-07-14,可・ビン
2,2014-07-15,他資源
2,2014-07-16,プ・油・特
2,2014-07-17,可・ビン
2,2014-07-18,カン
2,2014-07-19,
2,2014-07-20,
2,2014-07-21,可・ビン
2,2014-07-22,本・不・商
2,2014-07-23,プ・油・特
2,2014-07-24,可・ビン
2,2014-07-25,ペット
2,2014-07-26,
2,2014-07-27,
2,2014-07-28,可・ビン
2,2014-07-29,他資源
2,2014-07-30,プ・油・特
2,2014-07-31,可・ビン
2,2014-08-01,カン
2,2014-08-02,
2,2014-08-03,
2,2014-08-04,可・ビン
2,2014-08-05,本・不・商
2,2014-08-06,プ・油・特
2,2014-08-07,可・ビン
2,2014-08-08,ペット
2,2014-08-09,
2,2014-08-10,
2,2014-08-11,可・ビン
2,2014-08-12,他資源
2,2014-08-13,プ・油・特
2,2014-08-14,可・ビン
2,2014-08-15,カン
2,2014-08-16,
2,2014-08-17,
2,2014-08-18,可・ビン
2,2014-08-19,本・不・商
2,2014-08-20,プ・油・特
2,2014-08-21,可・ビン
2,2014-08-22,ペット
2,2014-08-23,
2,2014-08-24,
2,2014-08-25,可・ビン
2,2014-08-26,他資源
2,2014-08-27,プ・油・特
2,2014-08-28,可・ビン
2,2014-08-29,カン
2,2014-08-30,
2,2014-08-31,
2,2014-09-01,可・ビン
2,2014-09-02,本・不・商
2,2014-09-03,プ・油・特
2,2014-09-04,可・ビン
2,2014-09-05,ペット
2,2014-09-06,
2,2014-09-07,
2,2014-09-08,可・ビン
2,2014-09-09,他資源
2,2014-09-10,プ・油・特
2,2014-09-11,可・ビン
2,2014-09-12,カン
2,2014-09-13,
2,2014-09-14,
2,2014-09-15,可・ビン
2,2014-09-16,本・不・商
2,2014-09-17,プ・油・特
2,2014-09-18,可・ビン
2,2014-09-19,ペット
2,2014-09-20,
2,2014-09-21,
2,2014-09-22,可・ビン
2,2014-09-23,他資源
2,2014-09-24,プ・油・特
2,2014-09-25,可・ビン
2,2014-09-26,カン
2,2014-09-27,
2,2014-09-28,
2,2014-09-29,可・ビン
2,2014-09-30,本・不・商
2,2014-10-01,プ・油・特
2,2014-10-02,可・ビン
2,2014-10-03,ペット
2,2014-10-04,
2,2014-10-05,
2,2014-10-06,可・ビン
2,2014-10-07,他資源
2,2014-10-08,プ・油・特
2,2014-10-09,可・ビン
2,2014-10-10,カン
2,2014-10-11,
2,2014-10-12,
2,2014-10-13,可・ビン
2,2014-10-14,本・不・商
2,2014-10-15,プ・油・特
2,2014-10-16,可・ビン
2,2014-10-17,ペット
2,2014-10-18,
2,2014-10-19,
2,2014-10-20,可・ビン
2,2014-10-21,他資源
2,2014-10-22,プ・油・特
2,2014-10-23,可・ビン
2,2014-10-24,カン
2,2014-10-25,
2,2014-10-26,
2,2014-10-27,可・ビン
2,2014-10-28,本・不・商
2,2014-10-29,プ・油・特
2,2014-10-30,可・ビン
2,2014-10-31,ペット
2,2014-11-01,
2,2014-11-02,
2,2014-11-03,可・ビン
2,2014-11-04,他資源
2,2014-11-05,プ・油・特
2,2014-11-06,可・ビン
2,2014-11-07,カン
2,2014-11-08,
2,2014-11-09,
2,2014-11-10,可・ビン
2,2014-11-11,本・不・商
2,2014-11-12,プ・油・特
2,2014-11-13,可・ビン
2,2014-11-14,ペット
2,2014-11-15,
2,2014-11-16,
2,2014-11-17,可・ビン
2,2014-11-18,他資源
2,2014-11-19,プ・油・特
2,2014-11-20,可・ビン
2,2014-11-21,カン
2,2014-11-22,
2,2014-11-23,
2,2014-11-24,可・ビン
2,2014-11-25,本・不・商
2,2014-11-26,プ・油・特
2,2014-11-27,可・ビン
2,2014-11-28,ペット
2,2014-11-29,
2,2014-11-30,
2,2014-12-01,可・ビン
2,2014-12-02,他資源
2,2014-12-03,プ・油・特
2,2014-12-04,可・ビン
2,2014-12-05,カン
2,2014-12-06,
2,2014-12-07,
2,2014-12-08,可・ビン
2,2014-12-09,本・不・商
2,2014-12-10,プ・油・特
2,2014-12-11,可・ビン
2,2014-12-12,ペット
2,2014-12-13,
2,2014-12-14,
2,2014-12-15,可・ビン
2,2014-12-16,他資源
2,2014-12-17,プ・油・特
2,2014-12-18,可・ビン
2,2014-12-19,カン
2,2014-12-20,
2,2014-12-21,
2,2014-12-22,可・ビン
2,2014-12-23,本・不・商
2,2014-12-24,プ・油・特
2,2014-12-25,可・ビン
2,2014-12-26,ペット
2,2014-12-27,
2,2014-12-28,
2,2014-12-29,可・ビン
2,2014-12-30,他資源
2,2014-12-31,
2,2015-01-01,
2,2015-01-02,
2,2015-01-03,
2,2015-01-04,
2,2015-01-05,可・ビン
2,2015-01-06,本・不・商
2,2015-01-07,プ・油・特
2,2015-01-08,可・ビン
2,2015-01-09,カン
2,2015-01-10,
2,2015-01-11,
2,2015-01-12,可・ビン
2,2015-01-13,他資源
2,2015-01-14,プ・油・特
2,2015-01-15,可・ビン
2,2015-01-16,ペット
2,2015-01-17,
2,2015-01-18,
2,2015-01-19,可・ビン
2,2015-01-20,本・不・商
2,2015-01-21,プ・油・特
2,2015-01-22,可・ビン
2,2015-01-23,カン
2,2015-01-24,
2,2015-01-25,
2,2015-01-26,可・ビン
2,2015-01-27,他資源
2,2015-01-28,プ・油・特
2,2015-01-29,可・ビン
2,2015-01-30,ペット
2,2015-01-31,
2,2015-02-01,
2,2015-02-02,可・ビン
2,2015-02-03,本・不・商
2,2015-02-04,プ・油・特
2,2015-02-05,可・ビン
2,2015-02-06,カン
2,2015-02-07,
2,2015-02-08,
2,2015-02-09,可・ビン
2,2015-02-10,他資源
2,2015-02-11,プ・油・特
2,2015-02-12,可・ビン
2,2015-02-13,ペット
2,2015-02-14,
2,2015-02-15,
2,2015-02-16,可・ビン
2,2015-02-17,本・不・商
2,2015-02-18,プ・油・特
2,2015-02-19,可・ビン
2,2015-02-20,カン
2,2015-02-21,
2,2015-02-22,
2,2015-02-23,可・ビン
2,2015-02-24,他資源
2,2015-02-25,プ・油・特
2,2015-02-26,可・ビン
2,2015-02-27,ペット
2,2015-02-28,
2,2015-03-01,
2,2015-03-02,可・ビン
2,2015-03-03,本・不・商
2,2015-03-04,プ・油・特
2,2015-03-05,可・ビン
2,2015-03-06,カン
2,2015-03-07,
2,2015-03-08,
2,2015-03-09,可・ビン
2,2015-03-10,他資源
2,2015-03-11,プ・油・特
2,2015-03-12,可・ビン
2,2015-03-13,ペット
2,2015-03-14,
2,2015-03-15,
2,2015-03-16,可・ビン
2,2015-03-17,本・不・商
2,2015-03-18,プ・油・特
2,2015-03-19,可・ビン
2,2015-03-20,カン
2,2015-03-21,
2,2015-03-22,
2,2015-03-23,可・ビン
2,2015-03-24,他資源
2,2015-03-25,プ・油・特
2,2015-03-26,可・ビン
2,2015-03-27,ペット
2,2015-03-28,
2,2015-03-29,
2,2015-03-30,可・ビン
2,2015-03-31,本・不・商
3,2014-04-01,他資源
3,2014-04-02,プ・油・特
3,2014-04-03,可・ビン
3,2014-04-04,カン
3,2014-04-05,
3,2014-04-06,
3,2014-04-07,可・ビン
3,2014-04-08,本・不・商
3,2014-04-09,プ・油・特
3,2014-04-10,可・ビン
3,2014-04-11,ペット
3,2014-04-12,
3,2014-04-13,
3,2014-04-14,可・ビン
3,2014-04-15,他資源
3,2014-04-16,プ・油・特
3,2014-04-17,可・ビン
3,2014-04-18,カン
3,2014-04-19,
3,2014-04-20,
3,2014-04-21,可・ビン
3,2014-04-22,本・不・商
3,2014-04-23,プ・油・特
3,2014-04-24,可・ビン
3,2014-04-25,ペット
3,2014-04-26,
3,2014-04-27,
3,2014-04-28,可・ビン
3,2014-04-29,他資源
3,2014-04-30,プ・油・特
3,2014-05-01,可・ビン
3,2014-05-02,カン
3,2014-05-03,
3,2014-05-04,
3,2014-05-05,可・ビン
3,2014-05-06,本・不・商
3,2014-05-07,プ・油・特
3,2014-05-08,可・ビン
3,2014-05-09,ペット
3,2014-05-10,
3,2014-05-11,
3,2014-05-12,可・ビン
3,2014-05-13,他資源
3,2014-05-14,プ・油・特
3,2014-05-15,可・ビン
3,2014-05-16,カン
3,2014-05-17,
3,2014-05-18,
3,2014-05-19,可・ビン
3,2014-05-20,本・不・商
3,2014-05-21,プ・油・特
3,2014-05-22,可・ビン
3,2014-05-23,ペット
3,2014-05-24,
3,2014-05-25,
3,2014-05-26,可・ビン
3,2014-05-27,他資源
3,2014-05-28,プ・油・特
3,2014-05-29,可・ビン
3,2014-05-30,カン
3,2014-05-31,
3,2014-06-01,
3,2014-06-02,可・ビン
3,2014-06-03,本・不・商
3,2014-06-04,プ・油・特
3,2014-06-05,可・ビン
3,2014-06-06,ペット
3,2014-06-07,
3,2014-06-08,
3,2014-06-09,可・ビン
3,2014-06-10,他資源
3,2014-06-11,プ・油・特
3,2014-06-12,可・ビン
3,2014-06-13,カン
3,2014-06-14,
3,2014-06-15,
3,2014-06-16,可・ビン
3,2014-06-17,本・不・商
3,2014-06-18,プ・油・特
3,2014-06-19,可・ビン
3,2014-06-20,ペット
3,2014-06-21,
3,2014-06-22,
3,2014-06-23,可・ビン
3,2014-06-24,他資源
3,2014-06-25,プ・油・特
3,2014-06-26,可・ビン
3,2014-06-27,カン
3,2014-06-28,
3,2014-06-29,
3,2014-06-30,可・ビン
3,2014-07-01,本・不・商
3,2014-07-02,プ・油・特
3,2014-07-03,可・ビン
3,2014-07-04,ペット
3,2014-07-05,
3,2014-07-06,
3,2014-07-07,可・ビン
3,2014-07-08,他資源
3,2014-07-09,プ・油・特
3,2014-07-10,可・ビン
3,2014-07-11,カン
3,2014-07-12,
3,2014-07-13,
3,2014-07-14,可・ビン
3,2014-07-15,本・不・商
3,2014-07-16,プ・油・特
3,2014-07-17,可・ビン
3,2014-07-18,ペット
3,2014-07-19,
3,2014-07-20,
3,2014-07-21,可・ビン
3,2014-07-22,他資源
3,2014-07-23,プ・油・特
3,2014-07-24,可・ビン
3,2014-07-25,カン
3,2014-07-26,
3,2014-07-27,
3,2014-07-28,可・ビン
3,2014-07-29,本・不・商
3,2014-07-30,プ・油・特
3,2014-07-31,可・ビン
3,2014-08-01,ペット
3,2014-08-02,
3,2014-08-03,
3,2014-08-04,可・ビン
3,2014-08-05,他資源
3,2014-08-06,プ・油・特
3,2014-08-07,可・ビン
3,2014-08-08,カン
3,2014-08-09,
3,2014-08-10,
3,2014-08-11,可・ビン
3,2014-08-12,本・不・商
3,2014-08-13,プ・油・特
3,2014-08-14,可・ビン
3,2014-08-15,ペット
3,2014-08-16,
3,2014-08-17,
3,2014-08-18,可・ビン
3,2014-08-19,他資源
3,2014-08-20,プ・油・特
3,2014-08-21,可・ビン
3,2014-08-22,カン
3,2014-08-23,
3,2014-08-24,
3,2014-08-25,可・ビン
3,2014-08-26,本・不・商
3,2014-08-27,プ・油・特
3,2014-08-28,可・ビン
3,2014-08-29,ペット
3,2014-08-30,
3,2014-08-31,
3,2014-09-01,可・ビン
3,2014-09-02,他資源
3,2014-09-03,プ・油・特
3,2014-09-04,可・ビン
3,2014-09-05,カン
3,2014-09-06,
3,2014-09-07,
3,2014-09-08,可・ビン
3,2014-09-09,本・不・商
3,2014-09-10,プ・油・特
3,2014-09-11,可・ビン
3,2014-09-12,ペット
3,2014-09-13,
3,2014-09-14,
3,2014-09-15,可・ビン
3,2014-09-16,他資源
3,2014-09-17,プ・油・特
3,2014-09-18,可・ビン
3,2014-09-19,カン
3,2014-09-20,
3,2014-09-21,
3,2014-09-22,可・ビン
3,2014-09-23,本・不・商
3,2014-09-24,プ・油・特
3,2014-09-25,可・ビン
3,2014-09-26,ペット
3,2014-09-27,
3,2014-09-28,
3,2014-09-29,可・ビン
3,2014-09-30,他資源
3,2014-10-01,プ・油・特
3,2014-10-02,可・ビン
3,2014-10-03,カン
3,2014-10-04,
3,2014-10-05,
3,2014-10-06,可・ビン
3,2014-10-07,本・不・商
3,2014-10-08,プ・油・特
3,2014-10-09,可・ビン
3,2014-10-10,ペット
3,2014-10-11,
3,2014-10-12,
3,2014-10-13,可・ビン
3,2014-10-14,他資源
3,2014-10-15,プ・油・特
3,2014-10-16,可・ビン
3,2014-10-17,カン
3,2014-10-18,
3,2014-10-19,
3,2014-10-20,可・ビン
3,2014-10-21,本・不・商
3,2014-10-22,プ・油・特
3,2014-10-23,可・ビン
3,2014-10-24,ペット
3,2014-10-25,
3,2014-10-26,
3,2014-10-27,可・ビン
3,2014-10-28,他資源
3,2014-10-29,プ・油・特
3,2014-10-30,可・ビン
3,2014-10-31,カン
3,2014-11-01,
3,2014-11-02,
3,2014-11-03,可・ビン
3,2014-11-04,本・不・商
3,2014-11-05,プ・油・特
3,2014-11-06,可・ビン
3,2014-11-07,ペット
3,2014-11-08,
3,2014-11-09,
3,2014-11-10,可・ビン
3,2014-11-11,他資源
3,2014-11-12,プ・油・特
3,2014-11-13,可・ビン
3,2014-11-14,カン
3,2014-11-15,
3,2014-11-16,
3,2014-11-17,可・ビン
3,2014-11-18,本・不・商
3,2014-11-19,プ・油・特
3,2014-11-20,可・ビン
3,2014-11-21,ペット
3,2014-11-22,
3,2014-11-23,
3,2014-11-24,可・ビン
3,2014-11-25,他資源
3,2014-11-26,プ・油・特
3,2014-11-27,可・ビン
3,2014-11-28,カン
3,2014-11-29,
3,2014-11-30,
3,2014-12-01,可・ビン
3,2014-12-02,本・不・商
3,2014-12-03,プ・油・特
3,2014-12-04,可・ビン
3,2014-12-05,ペット
3,2014-12-06,
3,2014-12-07,
3,2014-12-08,可・ビン
3,2014-12-09,他資源
3,2014-12-10,プ・油・特
3,2014-12-11,可・ビン
3,2014-12-12,カン
3,2014-12-13,
3,2014-12-14,
3,2014-12-15,可・ビン
3,2014-12-16,本・不・商
3,2014-12-17,プ・油・特
3,2014-12-18,可・ビン
3,2014-12-19,ペット
3,2014-12-20,
3,2014-12-21,
3,2014-12-22,可・ビン
3,2014-12-23,他資源
3,2014-12-24,プ・油・特
3,2014-12-25,可・ビン
3,2014-12-26,カン
3,2014-12-27,
3,2014-12-28,
3,2014-12-29,可・ビン
3,2014-12-30,本・不・商
3,2014-12-31,
3,2015-01-01,
3,2015-01-02,
3,2015-01-03,
3,2015-01-04,
3,2015-01-05,可・ビン
3,2015-01-06,他資源
3,2015-01-07,プ・油・特
3,2015-01-08,可・ビン
3,2015-01-09,ペット
3,2015-01-10,
3,2015-01-11,
3,2015-01-12,可・ビン
3,2015-01-13,本・不・商
3,2015-01-14,プ・油・特
3,2015-01-15,可・ビン
3,2015-01-16,カン
3,2015-01-17,
3,2015-01-18,
3,2015-01-19,可・ビン
3,2015-01-20,他資源
3,2015-01-21,プ・油・特
3,2015-01-22,可・ビン
3,2015-01-23,ペット
3,2015-01-24,
3,2015-01-25,
3,2015-01-26,可・ビン
3,2015-01-27,本・不・商
3,2015-01-28,プ・油・特
3,2015-01-29,可・ビン
3,2015-01-30,カン
3,2015-01-31,
3,2015-02-01,
3,2015-02-02,可・ビン
3,2015-02-03,他資源
3,2015-02-04,プ・油・特
3,2015-02-05,可・ビン
3,2015-02-06,ペット
3,2015-02-07,
3,2015-02-08,
3,2015-02-09,可・ビン
3,2015-02-10,本・不・商
3,2015-02-11,プ・油・特
3,2015-02-12,可・ビン
3,2015-02-13,カン
3,2015-02-14,
3,2015-02-15,
3,2015-02-16,可・ビン
3,2015-02-17,他資源
3,2015-02-18,プ・油・特
3,2015-02-19,可・ビン
3,2015-02-20,ペット
3,2015-02-21,
3,2015-02-22,
3,2015-02-23,可・ビン
3,2015-02-24,本・不・商
3,2015-02-25,プ・油・特
3,2015-02-26,可・ビン
3,2015-02-27,カン
3,2015-02-28,
3,2015-03-01,
3,2015-03-02,可・ビン
3,2015-03-03,他資源
3,2015-03-04,プ・油・特
3,2015-03-05,可・ビン
3,2015-03-06,ペット
3,2015-03-07,
3,2015-03-08,
3,2015-03-09,可・ビン
3,2015-03-10,本・不・商
3,2015-03-11,プ・油・特
3,2015-03-12,可・ビン
3,2015-03-13,カン
3,2015-03-14,
3,2015-03-15,
3,2015-03-16,可・ビン
3,2015-03-17,他資源
3,2015-03-18,プ・油・特
3,2015-03-19,可・ビン
3,2015-03-20,ペット
3,2015-03-21,
3,2015-03-22,
3,2015-03-23,可・ビン
3,2015-03-24,本・不・商
3,2015-03-25,プ・油・特
3,2015-03-26,可・ビン
3,2015-03-27,カン
3,2015-03-28,
3,2015-03-29,
3,2015-03-30,可・ビン
3,2015-03-31,他資源
4,2014-04-01,プ・油・特
4,2014-04-02,カン
4,2014-04-03,可・ビン
4,2014-04-04,本・不・商
4,2014-04-05,
4,2014-04-06,
4,2014-04-07,可・ビン
4,2014-04-08,プ・油・特
4,2014-04-09,ペット
4,2014-04-10,可・ビン
4,2014-04-11,他資源
4,2014-04-12,
4,2014-04-13,
4,2014-04-14,可・ビン
4,2014-04-15,プ・油・特
4,2014-04-16,カン
4,2014-04-17,可・ビン
4,2014-04-18,本・不・商
4,2014-04-19,
4,2014-04-20,
4,2014-04-21,可・ビン
4,2014-04-22,プ・油・特
4,2014-04-23,ペット
4,2014-04-24,可・ビン
4,2014-04-25,他資源
4,2014-04-26,
4,2014-04-27,
4,2014-04-28,可・ビン
4,2014-04-29,プ・油・特
4,2014-04-30,カン
4,2014-05-01,可・ビン
4,2014-05-02,本・不・商
4,2014-05-03,
4,2014-05-04,
4,2014-05-05,可・ビン
4,2014-05-06,プ・油・特
4,2014-05-07,ペット
4,2014-05-08,可・ビン
4,2014-05-09,他資源
4,2014-05-10,
4,2014-05-11,
4,2014-05-12,可・ビン
4,2014-05-13,プ・油・特
4,2014-05-14,カン
4,2014-05-15,可・ビン
4,2014-05-16,本・不・商
4,2014-05-17,
4,2014-05-18,
4,2014-05-19,可・ビン
4,2014-05-20,プ・油・特
4,2014-05-21,ペット
4,2014-05-22,可・ビン
4,2014-05-23,他資源
4,2014-05-24,
4,2014-05-25,
4,2014-05-26,可・ビン
4,2014-05-27,プ・油・特
4,2014-05-28,カン
4,2014-05-29,可・ビン
4,2014-05-30,本・不・商
4,2014-05-31,
4,2014-06-01,
4,2014-06-02,可・ビン
4,2014-06-03,プ・油・特
4,2014-06-04,ペット
4,2014-06-05,可・ビン
4,2014-06-06,他資源
4,2014-06-07,
4,2014-06-08,
4,2014-06-09,可・ビン
4,2014-06-10,プ・油・特
4,2014-06-11,カン
4,2014-06-12,可・ビン
4,2014-06-13,本・不・商
4,2014-06-14,
4,2014-06-15,
4,2014-06-16,可・ビン
4,2014-06-17,プ・油・特
4,2014-06-18,ペット
4,2014-06-19,可・ビン
4,2014-06-20,他資源
4,2014-06-21,
4,2014-06-22,
4,2014-06-23,可・ビン
4,2014-06-24,プ・油・特
4,2014-06-25,カン
4,2014-06-26,可・ビン
4,2014-06-27,本・不・商
4,2014-06-28,
4,2014-06-29,
4,2014-06-30,可・ビン
4,2014-07-01,プ・油・特
4,2014-07-02,ペット
4,2014-07-03,可・ビン
4,2014-07-04,他資源
4,2014-07-05,
4,2014-07-06,
4,2014-07-07,可・ビン
4,2014-07-08,プ・油・特
4,2014-07-09,カン
4,2014-07-10,可・ビン
4,2014-07-11,本・不・商
4,2014-07-12,
4,2014-07-13,
4,2014-07-14,可・ビン
4,2014-07-15,プ・油・特
4,2014-07-16,ペット
4,2014-07-17,可・ビン
4,2014-07-18,他資源
4,2014-07-19,
4,2014-07-20,
4,2014-07-21,可・ビン
4,2014-07-22,プ・油・特
4,2014-07-23,カン
4,2014-07-24,可・ビン
4,2014-07-25,本・不・商
4,2014-07-26,
4,2014-07-27,
4,2014-07-28,可・ビン
4,2014-07-29,プ・油・特
4,2014-07-30,ペット
4,2014-07-31,可・ビン
4,2014-08-01,他資源
4,2014-08-02,
4,2014-08-03,
4,2014-08-04,可・ビン
4,2014-08-05,プ・油・特
4,2014-08-06,カン
4,2014-08-07,可・ビン
4,2014-08-08,本・不・商
4,2014-08-09,
4,2014-08-10,
4,2014-08-11,可・ビン
4,2014-08-12,プ・油・特
4,2014-08-13,ペット
4,2014-08-14,可・ビン
4,2014-08-15,他資源
4,2014-08-16,
4,2014-08-17,
4,2014-08-18,可・ビン
4,2014-08-19,プ・油・特
4,2014-08-20,カン
4,2014-08-21,可・ビン
4,2014-08-22,本・不・商
4,2014-08-23,
4,2014-08-24,
4,2014-08-25,可・ビン
4,2014-08-26,プ・油・特
4,2014-08-27,ペット
4,2014-08-28,可・ビン
4,2014-08-29,他資源
4,2014-08-30,
4,2014-08-31,
4,2014-09-01,可・ビン
4,2014-09-02,プ・油・特
4,2014-09-03,カン
4,2014-09-04,可・ビン
4,2014-09-05,本・不・商
4,2014-09-06,
4,2014-09-07,
4,2014-09-08,可・ビン
4,2014-09-09,プ・油・特
4,2014-09-10,ペット
4,2014-09-11,可・ビン
4,2014-09-12,他資源
4,2014-09-13,
4,2014-09-14,
4,2014-09-15,可・ビン
4,2014-09-16,プ・油・特
4,2014-09-17,カン
4,2014-09-18,可・ビン
4,2014-09-19,本・不・商
4,2014-09-20,
4,2014-09-21,
4,2014-09-22,可・ビン
4,2014-09-23,プ・油・特
4,2014-09-24,ペット
4,2014-09-25,可・ビン
4,2014-09-26,他資源
4,2014-09-27,
4,2014-09-28,
4,2014-09-29,可・ビン
4,2014-09-30,プ・油・特
4,2014-10-01,カン
4,2014-10-02,可・ビン
4,2014-10-03,本・不・商
4,2014-10-04,
4,2014-10-05,
4,2014-10-06,可・ビン
4,2014-10-07,プ・油・特
4,2014-10-08,ペット
4,2014-10-09,可・ビン
4,2014-10-10,他資源
4,2014-10-11,
4,2014-10-12,
4,2014-10-13,可・ビン
4,2014-10-14,プ・油・特
4,2014-10-15,カン
4,2014-10-16,可・ビン
4,2014-10-17,本・不・商
4,2014-10-18,
4,2014-10-19,
4,2014-10-20,可・ビン
4,2014-10-21,プ・油・特
4,2014-10-22,ペット
4,2014-10-23,可・ビン
4,2014-10-24,他資源
4,2014-10-25,
4,2014-10-26,
4,2014-10-27,可・ビン
4,2014-10-28,プ・油・特
4,2014-10-29,カン
4,2014-10-30,可・ビン
4,2014-10-31,本・不・商
4,2014-11-01,
4,2014-11-02,
4,2014-11-03,可・ビン
4,2014-11-04,プ・油・特
4,2014-11-05,ペット
4,2014-11-06,可・ビン
4,2014-11-07,他資源
4,2014-11-08,
4,2014-11-09,
4,2014-11-10,可・ビン
4,2014-11-11,プ・油・特
4,2014-11-12,カン
4,2014-11-13,可・ビン
4,2014-11-14,本・不・商
4,2014-11-15,
4,2014-11-16,
4,2014-11-17,可・ビン
4,2014-11-18,プ・油・特
4,2014-11-19,ペット
4,2014-11-20,可・ビン
4,2014-11-21,他資源
4,2014-11-22,
4,2014-11-23,
4,2014-11-24,可・ビン
4,2014-11-25,プ・油・特
4,2014-11-26,カン
4,2014-11-27,可・ビン
4,2014-11-28,本・不・商
4,2014-11-29,
4,2014-11-30,
4,2014-12-01,可・ビン
4,2014-12-02,プ・油・特
4,2014-12-03,ペット
4,2014-12-04,可・ビン
4,2014-12-05,他資源
4,2014-12-06,
4,2014-12-07,
4,2014-12-08,可・ビン
4,2014-12-09,プ・油・特
4,2014-12-10,カン
4,2014-12-11,可・ビン
4,2014-12-12,本・不・商
4,2014-12-13,
4,2014-12-14,
4,2014-12-15,可・ビン
4,2014-12-16,プ・油・特
4,2014-12-17,ペット
4,2014-12-18,可・ビン
4,2014-12-19,他資源
4,2014-12-20,
4,2014-12-21,
4,2014-12-22,可・ビン
4,2014-12-23,プ・油・特
4,2014-12-24,カン
4,2014-12-25,可・ビン
4,2014-12-26,本・不・商
4,2014-12-27,
4,2014-12-28,
4,2014-12-29,可・ビン
4,2014-12-30,プ・油・特
4,2014-12-31,
4,2015-01-01,
4,2015-01-02,
4,2015-01-03,
4,2015-01-04,
4,2015-01-05,可・ビン
4,2015-01-06,プ・油・特
4,2015-01-07,ペット
4,2015-01-08,可・ビン
4,2015-01-09,他資源
4,2015-01-10,
4,2015-01-11,
4,2015-01-12,可・ビン
4,2015-01-13,プ・油・特
4,2015-01-14,カン
4,2015-01-15,可・ビン
4,2015-01-16,本・不・商
4,2015-01-17,
4,2015-01-18,
4,2015-01-19,可・ビン
4,2015-01-20,プ・油・特
4,2015-01-21,ペット
4,2015-01-22,可・ビン
4,2015-01-23,他資源
4,2015-01-24,
4,2015-01-25,
4,2015-01-26,可・ビン
4,2015-01-27,プ・油・特
4,2015-01-28,カン
4,2015-01-29,可・ビン
4,2015-01-30,本・不・商
4,2015-01-31,
4,2015-02-01,
4,2015-02-02,可・ビン
4,2015-02-03,プ・油・特
4,2015-02-04,ペット
4,2015-02-05,可・ビン
4,2015-02-06,他資源
4,2015-02-07,
4,2015-02-08,
4,2015-02-09,可・ビン
4,2015-02-10,プ・油・特
4,2015-02-11,カン
4,2015-02-12,可・ビン
4,2015-02-13,本・不・商
4,2015-02-14,
4,2015-02-15,
4,2015-02-16,可・ビン
4,2015-02-17,プ・油・特
4,2015-02-18,ペット
4,2015-02-19,可・ビン
4,2015-02-20,他資源
4,2015-02-21,
4,2015-02-22,
4,2015-02-23,可・ビン
4,2015-02-24,プ・油・特
4,2015-02-25,カン
4,2015-02-26,可・ビン
4,2015-02-27,本・不・商
4,2015-02-28,
4,2015-03-01,
4,2015-03-02,可・ビン
4,2015-03-03,プ・油・特
4,2015-03-04,ペット
4,2015-03-05,可・ビン
4,2015-03-06,他資源
4,2015-03-07,
4,2015-03-08,
4,2015-03-09,可・ビン
4,2015-03-10,プ・油・特
4,2015-03-11,カン
4,2015-03-12,可・ビン
4,2015-03-13,本・不・商
4,2015-03-14,
4,2015-03-15,
4,2015-03-16,可・ビン
4,2015-03-17,プ・油・特
4,2015-03-18,ペット
4,2015-03-19,可・ビン
4,2015-03-20,他資源
4,2015-03-21,
4,2015-03-22,
4,2015-03-23,可・ビン
4,2015-03-24,プ・油・特
4,2015-03-25,カン
4,2015-03-26,可・ビン
4,2015-03-27,本・不・商
4,2015-03-28,
4,2015-03-29,
4,2015-03-30,可・ビン
4,2015-03-31,プ・油・特
5,2014-04-01,カン
5,2014-04-02,他資源
5,2014-04-03,可・ビン
5,2014-04-04,プ・油・特
5,2014-04-05,
5,2014-04-06,
5,2014-04-07,可・ビン
5,2014-04-08,ペット
5,2014-04-09,本・不・商
5,2014-04-10,可・ビン
5,2014-04-11,プ・油・特
5,2014-04-12,
5,2014-04-13,
5,2014-04-14,可・ビン
5,2014-04-15,カン
5,2014-04-16,他資源
5,2014-04-17,可・ビン
5,2014-04-18,プ・油・特
5,2014-04-19,
5,2014-04-20,
5,2014-04-21,可・ビン
5,2014-04-22,ペット
5,2014-04-23,本・不・商
5,2014-04-24,可・ビン
5,2014-04-25,プ・油・特
5,2014-04-26,
5,2014-04-27,
5,2014-04-28,可・ビン
5,2014-04-29,カン
5,2014-04-30,他資源
5,2014-05-01,可・ビン
5,2014-05-02,プ・油・特
5,2014-05-03,
5,2014-05-04,
5,2014-05-05,可・ビン
5,2014-05-06,ペット
5,2014-05-07,本・不・商
5,2014-05-08,可・ビン
5,2014-05-09,プ・油・特
5,2014-05-10,
5,2014-05-11,
5,2014-05-12,可・ビン
5,2014-05-13,カン
5,2014-05-14,他資源
5,2014-05-15,可・ビン
5,2014-05-16,プ・油・特
5,2014-05-17,
5,2014-05-18,
5,2014-05-19,可・ビン
5,2014-05-20,ペット
5,2014-05-21,本・不・商
5,2014-05-22,可・ビン
5,2014-05-23,プ・油・特
5,2014-05-24,
5,2014-05-25,
5,2014-05-26,可・ビン
5,2014-05-27,カン
5,2014-05-28,他資源
5,2014-05-29,可・ビン
5,2014-05-30,プ・油・特
5,2014-05-31,
5,2014-06-01,
5,2014-06-02,可・ビン
5,2014-06-03,ペット
5,2014-06-04,本・不・商
5,2014-06-05,可・ビン
5,2014-06-06,プ・油・特
5,2014-06-07,
5,2014-06-08,
5,2014-06-09,可・ビン
5,2014-06-10,カン
5,2014-06-11,他資源
5,2014-06-12,可・ビン
5,2014-06-13,プ・油・特
5,2014-06-14,
5,2014-06-15,
5,2014-06-16,可・ビン
5,2014-06-17,ペット
5,2014-06-18,本・不・商
5,2014-06-19,可・ビン
5,2014-06-20,プ・油・特
5,2014-06-21,
5,2014-06-22,
5,2014-06-23,可・ビン
5,2014-06-24,カン
5,2014-06-25,他資源
5,2014-06-26,可・ビン
5,2014-06-27,プ・油・特
5,2014-06-28,
5,2014-06-29,
5,2014-06-30,可・ビン
5,2014-07-01,ペット
5,2014-07-02,本・不・商
5,2014-07-03,可・ビン
5,2014-07-04,プ・油・特
5,2014-07-05,
5,2014-07-06,
5,2014-07-07,可・ビン
5,2014-07-08,カン
5,2014-07-09,他資源
5,2014-07-10,可・ビン
5,2014-07-11,プ・油・特
5,2014-07-12,
5,2014-07-13,
5,2014-07-14,可・ビン
5,2014-07-15,ペット
5,2014-07-16,本・不・商
5,2014-07-17,可・ビン
5,2014-07-18,プ・油・特
5,2014-07-19,
5,2014-07-20,
5,2014-07-21,可・ビン
5,2014-07-22,カン
5,2014-07-23,他資源
5,2014-07-24,可・ビン
5,2014-07-25,プ・油・特
5,2014-07-26,
5,2014-07-27,
5,2014-07-28,可・ビン
5,2014-07-29,ペット
5,2014-07-30,本・不・商
5,2014-07-31,可・ビン
5,2014-08-01,プ・油・特
5,2014-08-02,
5,2014-08-03,
5,2014-08-04,可・ビン
5,2014-08-05,カン
5,2014-08-06,他資源
5,2014-08-07,可・ビン
5,2014-08-08,プ・油・特
5,2014-08-09,
5,2014-08-10,
5,2014-08-11,可・ビン
5,2014-08-12,ペット
5,2014-08-13,本・不・商
5,2014-08-14,可・ビン
5,2014-08-15,プ・油・特
5,2014-08-16,
5,2014-08-17,
5,2014-08-18,可・ビン
5,2014-08-19,カン
5,2014-08-20,他資源
5,2014-08-21,可・ビン
5,2014-08-22,プ・油・特
5,2014-08-23,
5,2014-08-24,
5,2014-08-25,可・ビン
5,2014-08-26,ペット
5,2014-08-27,本・不・商
5,2014-08-28,可・ビン
5,2014-08-29,プ・油・特
5,2014-08-30,
5,2014-08-31,
5,2014-09-01,可・ビン
5,2014-09-02,カン
5,2014-09-03,他資源
5,2014-09-04,可・ビン
5,2014-09-05,プ・油・特
5,2014-09-06,
5,2014-09-07,
5,2014-09-08,可・ビン
5,2014-09-09,ペット
5,2014-09-10,本・不・商
5,2014-09-11,可・ビン
5,2014-09-12,プ・油・特
5,2014-09-13,
5,2014-09-14,
5,2014-09-15,可・ビン
5,2014-09-16,カン
5,2014-09-17,他資源
5,2014-09-18,可・ビン
5,2014-09-19,プ・油・特
5,2014-09-20,
5,2014-09-21,
5,2014-09-22,可・ビン
5,2014-09-23,ペット
5,2014-09-24,本・不・商
5,2014-09-25,可・ビン
5,2014-09-26,プ・油・特
5,2014-09-27,
5,2014-09-28,
5,2014-09-29,可・ビン
5,2014-09-30,カン
5,2014-10-01,他資源
5,2014-10-02,可・ビン
5,2014-10-03,プ・油・特
5,2014-10-04,
5,2014-10-05,
5,2014-10-06,可・ビン
5,2014-10-07,ペット
5,2014-10-08,本・不・商
5,2014-10-09,可・ビン
5,2014-10-10,プ・油・特
5,2014-10-11,
5,2014-10-12,
5,2014-10-13,可・ビン
5,2014-10-14,カン
5,2014-10-15,他資源
5,2014-10-16,可・ビン
5,2014-10-17,プ・油・特
5,2014-10-18,
5,2014-10-19,
5,2014-10-20,可・ビン
5,2014-10-21,ペット
5,2014-10-22,本・不・商
5,2014-10-23,可・ビン
5,2014-10-24,プ・油・特
5,2014-10-25,
5,2014-10-26,
5,2014-10-27,可・ビン
5,2014-10-28,カン
5,2014-10-29,他資源
5,2014-10-30,可・ビン
5,2014-10-31,プ・油・特
5,2014-11-01,
5,2014-11-02,
5,2014-11-03,可・ビン
5,2014-11-04,ペット
5,2014-11-05,本・不・商
5,2014-11-06,可・ビン
5,2014-11-07,プ・油・特
5,2014-11-08,
5,2014-11-09,
5,2014-11-10,可・ビン
5,2014-11-11,カン
5,2014-11-12,他資源
5,2014-11-13,可・ビン
5,2014-11-14,プ・油・特
5,2014-11-15,
5,2014-11-16,
5,2014-11-17,可・ビン
5,2014-11-18,ペット
5,2014-11-19,本・不・商
5,2014-11-20,可・ビン
5,2014-11-21,プ・油・特
5,2014-11-22,
5,2014-11-23,
5,2014-11-24,可・ビン
5,2014-11-25,カン
5,2014-11-26,他資源
5,2014-11-27,可・ビン
5,2014-11-28,プ・油・特
5,2014-11-29,
5,2014-11-30,
5,2014-12-01,可・ビン
5,2014-12-02,ペット
5,2014-12-03,本・不・商
5,2014-12-04,可・ビン
5,2014-12-05,プ・油・特
5,2014-12-06,
5,2014-12-07,
5,2014-12-08,可・ビン
5,2014-12-09,カン
5,2014-12-10,他資源
5,2014-12-11,可・ビン
5,2014-12-12,プ・油・特
5,2014-12-13,
5,2014-12-14,
5,2014-12-15,可・ビン
5,2014-12-16,ペット
5,2014-12-17,本・不・商
5,2014-12-18,可・ビン
5,2014-12-19,プ・油・特
5,2014-12-20,
5,2014-12-21,
5,2014-12-22,可・ビン
5,2014-12-23,カン
5,2014-12-24,他資源
5,2014-12-25,可・ビン
5,2014-12-26,プ・油・特
5,2014-12-27,
5,2014-12-28,
5,2014-12-29,可・ビン
5,2014-12-30,ペット
5,2014-12-31,
5,2015-01-01,
5,2015-01-02,
5,2015-01-03,
5,2015-01-04,
5,2015-01-05,可・ビン
5,2015-01-06,カン
5,2015-01-07,本・不・商
5,2015-01-08,可・ビン
5,2015-01-09,プ・油・特
5,2015-01-10,
5,2015-01-11,
5,2015-01-12,可・ビン
5,2015-01-13,ペット
5,2015-01-14,他資源
5,2015-01-15,可・ビン
5,2015-01-16,プ・油・特
5,2015-01-17,
5,2015-01-18,
5,2015-01-19,可・ビン
5,2015-01-20,カン
5,2015-01-21,本・不・商
5,2015-01-22,可・ビン
5,2015-01-23,プ・油・特
5,2015-01-24,
5,2015-01-25,
5,2015-01-26,可・ビン
5,2015-01-27,ペット
5,2015-01-28,他資源
5,2015-01-29,可・ビン
5,2015-01-30,プ・油・特
5,2015-01-31,
5,2015-02-01,
5,2015-02-02,可・ビン
5,2015-02-03,カン
5,2015-02-04,本・不・商
5,2015-02-05,可・ビン
5,2015-02-06,プ・油・特
5,2015-02-07,
5,2015-02-08,
5,2015-02-09,可・ビン
5,2015-02-10,ペット
5,2015-02-11,他資源
5,2015-02-12,可・ビン
5,2015-02-13,プ・油・特
5,2015-02-14,
5,2015-02-15,
5,2015-02-16,可・ビン
5,2015-02-17,カン
5,2015-02-18,本・不・商
5,2015-02-19,可・ビン
5,2015-02-20,プ・油・特
5,2015-02-21,
5,2015-02-22,
5,2015-02-23,可・ビン
5,2015-02-24,ペット
5,2015-02-25,他資源
5,2015-02-26,可・ビン
5,2015-02-27,プ・油・特
5,2015-02-28,
5,2015-03-01,
5,2015-03-02,可・ビン
5,2015-03-03,カン
5,2015-03-04,本・不・商
5,2015-03-05,可・ビン
5,2015-03-06,プ・油・特
5,2015-03-07,
5,2015-03-08,
5,2015-03-09,可・ビン
5,2015-03-10,ペット
5,2015-03-11,他資源
5,2015-03-12,可・ビン
5,2015-03-13,プ・油・特
5,2015-03-14,
5,2015-03-15,
5,2015-03-16,可・ビン
5,2015-03-17,カン
5,2015-03-18,本・不・商
5,2015-03-19,可・ビン
5,2015-03-20,プ・油・特
5,2015-03-21,
5,2015-03-22,
5,2015-03-23,可・ビン
5,2015-03-24,ペット
5,2015-03-25,他資源
5,2015-03-26,可・ビン
5,2015-03-27,プ・油・特
5,2015-03-28,
5,2015-03-29,
5,2015-03-30,可・ビン
5,2015-03-31,カン
6,2014-04-01,可・ビン
6,2014-04-02,本・不・商
6,2014-04-03,プ・油・特
6,2014-04-04,可・ビン
6,2014-04-05,
6,2014-04-06,
6,2014-04-07,カン
6,2014-04-08,可・ビン
6,2014-04-09,他資源
6,2014-04-10,プ・油・特
6,2014-04-11,可・ビン
6,2014-04-12,
6,2014-04-13,
6,2014-04-14,ペット
6,2014-04-15,可・ビン
6,2014-04-16,本・不・商
6,2014-04-17,プ・油・特
6,2014-04-18,可・ビン
6,2014-04-19,
6,2014-04-20,
6,2014-04-21,カン
6,2014-04-22,可・ビン
6,2014-04-23,他資源
6,2014-04-24,プ・油・特
6,2014-04-25,可・ビン
6,2014-04-26,
6,2014-04-27,
6,2014-04-28,ペット
6,2014-04-29,可・ビン
6,2014-04-30,本・不・商
6,2014-05-01,プ・油・特
6,2014-05-02,可・ビン
6,2014-05-03,
6,2014-05-04,
6,2014-05-05,カン
6,2014-05-06,可・ビン
6,2014-05-07,他資源
6,2014-05-08,プ・油・特
6,2014-05-09,可・ビン
6,2014-05-10,
6,2014-05-11,
6,2014-05-12,ペット
6,2014-05-13,可・ビン
6,2014-05-14,本・不・商
6,2014-05-15,プ・油・特
6,2014-05-16,可・ビン
6,2014-05-17,
6,2014-05-18,
6,2014-05-19,カン
6,2014-05-20,可・ビン
6,2014-05-21,他資源
6,2014-05-22,プ・油・特
6,2014-05-23,可・ビン
6,2014-05-24,
6,2014-05-25,
6,2014-05-26,ペット
6,2014-05-27,可・ビン
6,2014-05-28,本・不・商
6,2014-05-29,プ・油・特
6,2014-05-30,可・ビン
6,2014-05-31,
6,2014-06-01,
6,2014-06-02,カン
6,2014-06-03,可・ビン
6,2014-06-04,他資源
6,2014-06-05,プ・油・特
6,2014-06-06,可・ビン
6,2014-06-07,
6,2014-06-08,
6,2014-06-09,ペット
6,2014-06-10,可・ビン
6,2014-06-11,本・不・商
6,2014-06-12,プ・油・特
6,2014-06-13,可・ビン
6,2014-06-14,
6,2014-06-15,
6,2014-06-16,カン
6,2014-06-17,可・ビン
6,2014-06-18,他資源
6,2014-06-19,プ・油・特
6,2014-06-20,可・ビン
6,2014-06-21,
6,2014-06-22,
6,2014-06-23,ペット
6,2014-06-24,可・ビン
6,2014-06-25,本・不・商
6,2014-06-26,プ・油・特
6,2014-06-27,可・ビン
6,2014-06-28,
6,2014-06-29,
6,2014-06-30,カン
6,2014-07-01,可・ビン
6,2014-07-02,他資源
6,2014-07-03,プ・油・特
6,2014-07-04,可・ビン
6,2014-07-05,
6,2014-07-06,
6,2014-07-07,ペット
6,2014-07-08,可・ビン
6,2014-07-09,本・不・商
6,2014-07-10,プ・油・特
6,2014-07-11,可・ビン
6,2014-07-12,
6,2014-07-13,
6,2014-07-14,カン
6,2014-07-15,可・ビン
6,2014-07-16,他資源
6,2014-07-17,プ・油・特
6,2014-07-18,可・ビン
6,2014-07-19,
6,2014-07-20,
6,2014-07-21,ペット
6,2014-07-22,可・ビン
6,2014-07-23,本・不・商
6,2014-07-24,プ・油・特
6,2014-07-25,可・ビン
6,2014-07-26,
6,2014-07-27,
6,2014-07-28,カン
6,2014-07-29,可・ビン
6,2014-07-30,他資源
6,2014-07-31,プ・油・特
6,2014-08-01,可・ビン
6,2014-08-02,
6,2014-08-03,
6,2014-08-04,ペット
6,2014-08-05,可・ビン
6,2014-08-06,本・不・商
6,2014-08-07,プ・油・特
6,2014-08-08,可・ビン
6,2014-08-09,
6,2014-08-10,
6,2014-08-11,カン
6,2014-08-12,可・ビン
6,2014-08-13,他資源
6,2014-08-14,プ・油・特
6,2014-08-15,可・ビン
6,2014-08-16,
6,2014-08-17,
6,2014-08-18,ペット
6,2014-08-19,可・ビン
6,2014-08-20,本・不・商
6,2014-08-21,プ・油・特
6,2014-08-22,可・ビン
6,2014-08-23,
6,2014-08-24,
6,2014-08-25,カン
6,2014-08-26,可・ビン
6,2014-08-27,他資源
6,2014-08-28,プ・油・特
6,2014-08-29,可・ビン
6,2014-08-30,
6,2014-08-31,
6,2014-09-01,ペット
6,2014-09-02,可・ビン
6,2014-09-03,本・不・商
6,2014-09-04,プ・油・特
6,2014-09-05,可・ビン
6,2014-09-06,
6,2014-09-07,
6,2014-09-08,カン
6,2014-09-09,可・ビン
6,2014-09-10,他資源
6,2014-09-11,プ・油・特
6,2014-09-12,可・ビン
6,2014-09-13,
6,2014-09-14,
6,2014-09-15,ペット
6,2014-09-16,可・ビン
6,2014-09-17,本・不・商
6,2014-09-18,プ・油・特
6,2014-09-19,可・ビン
6,2014-09-20,
6,2014-09-21,
6,2014-09-22,カン
6,2014-09-23,可・ビン
6,2014-09-24,他資源
6,2014-09-25,プ・油・特
6,2014-09-26,可・ビン
6,2014-09-27,
6,2014-09-28,
6,2014-09-29,ペット
6,2014-09-30,可・ビン
6,2014-10-01,本・不・商
6,2014-10-02,プ・油・特
6,2014-10-03,可・ビン
6,2014-10-04,
6,2014-10-05,
6,2014-10-06,カン
6,2014-10-07,可・ビン
6,2014-10-08,他資源
6,2014-10-09,プ・油・特
6,2014-10-10,可・ビン
6,2014-10-11,
6,2014-10-12,
6,2014-10-13,ペット
6,2014-10-14,可・ビン
6,2014-10-15,本・不・商
6,2014-10-16,プ・油・特
6,2014-10-17,可・ビン
6,2014-10-18,
6,2014-10-19,
6,2014-10-20,カン
6,2014-10-21,可・ビン
6,2014-10-22,他資源
6,2014-10-23,プ・油・特
6,2014-10-24,可・ビン
6,2014-10-25,
6,2014-10-26,
6,2014-10-27,ペット
6,2014-10-28,可・ビン
6,2014-10-29,本・不・商
6,2014-10-30,プ・油・特
6,2014-10-31,可・ビン
6,2014-11-01,
6,2014-11-02,
6,2014-11-03,カン
6,2014-11-04,可・ビン
6,2014-11-05,他資源
6,2014-11-06,プ・油・特
6,2014-11-07,可・ビン
6,2014-11-08,
6,2014-11-09,
6,2014-11-10,ペット
6,2014-11-11,可・ビン
6,2014-11-12,本・不・商
6,2014-11-13,プ・油・特
6,2014-11-14,可・ビン
6,2014-11-15,
6,2014-11-16,
6,2014-11-17,カン
6,2014-11-18,可・ビン
6,2014-11-19,他資源
6,2014-11-20,プ・油・特
6,2014-11-21,可・ビン
6,2014-11-22,
6,2014-11-23,
6,2014-11-24,ペット
6,2014-11-25,可・ビン
6,2014-11-26,本・不・商
6,2014-11-27,プ・油・特
6,2014-11-28,可・ビン
6,2014-11-29,
6,2014-11-30,
6,2014-12-01,カン
6,2014-12-02,可・ビン
6,2014-12-03,他資源
6,2014-12-04,プ・油・特
6,2014-12-05,可・ビン
6,2014-12-06,
6,2014-12-07,
6,2014-12-08,ペット
6,2014-12-09,可・ビン
6,2014-12-10,本・不・商
6,2014-12-11,プ・油・特
6,2014-12-12,可・ビン
6,2014-12-13,
6,2014-12-14,
6,2014-12-15,カン
6,2014-12-16,可・ビン
6,2014-12-17,他資源
6,2014-12-18,プ・油・特
6,2014-12-19,可・ビン
6,2014-12-20,
6,2014-12-21,
6,2014-12-22,ペット
6,2014-12-23,可・ビン
6,2014-12-24,本・不・商
6,2014-12-25,プ・油・特
6,2014-12-26,可・ビン
6,2014-12-27,
6,2014-12-28,
6,2014-12-29,カン
6,2014-12-30,可・ビン
6,2014-12-31,
6,2015-01-01,
6,2015-01-02,
6,2015-01-03,
6,2015-01-04,
6,2015-01-05,ペット
6,2015-01-06,可・ビン
6,2015-01-07,他資源
6,2015-01-08,プ・油・特
6,2015-01-09,可・ビン
6,2015-01-10,
6,2015-01-11,
6,2015-01-12,カン
6,2015-01-13,可・ビン
6,2015-01-14,本・不・商
6,2015-01-15,プ・油・特
6,2015-01-16,可・ビン
6,2015-01-17,
6,2015-01-18,
6,2015-01-19,ペット
6,2015-01-20,可・ビン
6,2015-01-21,他資源
6,2015-01-22,プ・油・特
6,2015-01-23,可・ビン
6,2015-01-24,
6,2015-01-25,
6,2015-01-26,カン
6,2015-01-27,可・ビン
6,2015-01-28,本・不・商
6,2015-01-29,プ・油・特
6,2015-01-30,可・ビン
6,2015-01-31,
6,2015-02-01,
6,2015-02-02,ペット
6,2015-02-03,可・ビン
6,2015-02-04,他資源
6,2015-02-05,プ・油・特
6,2015-02-06,可・ビン
6,2015-02-07,
6,2015-02-08,
6,2015-02-09,カン
6,2015-02-10,可・ビン
6,2015-02-11,本・不・商
6,2015-02-12,プ・油・特
6,2015-02-13,可・ビン
6,2015-02-14,
6,2015-02-15,
6,2015-02-16,ペット
6,2015-02-17,可・ビン
6,2015-02-18,他資源
6,2015-02-19,プ・油・特
6,2015-02-20,可・ビン
6,2015-02-21,
6,2015-02-22,
6,2015-02-23,カン
6,2015-02-24,可・ビン
6,2015-02-25,本・不・商
6,2015-02-26,プ・油・特
6,2015-02-27,可・ビン
6,2015-02-28,
6,2015-03-01,
6,2015-03-02,ペット
6,2015-03-03,可・ビン
6,2015-03-04,他資源
6,2015-03-05,プ・油・特
6,2015-03-06,可・ビン
6,2015-03-07,
6,2015-03-08,
6,2015-03-09,カン
6,2015-03-10,可・ビン
6,2015-03-11,本・不・商
6,2015-03-12,プ・油・特
6,2015-03-13,可・ビン
6,2015-03-14,
6,2015-03-15,
6,2015-03-16,ペット
6,2015-03-17,可・ビン
6,2015-03-18,他資源
6,2015-03-19,プ・油・特
6,2015-03-20,可・ビン
6,2015-03-21,
6,2015-03-22,
6,2015-03-23,カン
6,2015-03-24,可・ビン
6,2015-03-25,本・不・商
6,2015-03-26,プ・油・特
6,2015-03-27,可・ビン
6,2015-03-28,
6,2015-03-29,
6,2015-03-30,ペット
6,2015-03-31,可・ビン
7,2014-04-01,可・ビン
7,2014-04-02,ペット
7,2014-04-03,他資源
7,2014-04-04,可・ビン
7,2014-04-05,
7,2014-04-06,
7,2014-04-07,プ・油・特
7,2014-04-08,可・ビン
7,2014-04-09,カン
7,2014-04-10,本・不・商
7,2014-04-11,可・ビン
7,2014-04-12,
7,2014-04-13,
7,2014-04-14,プ・油・特
7,2014-04-15,可・ビン
7,2014-04-16,ペット
7,2014-04-17,他資源
7,2014-04-18,可・ビン
7,2014-04-19,
7,2014-04-20,
7,2014-04-21,プ・油・特
7,2014-04-22,可・ビン
7,2014-04-23,カン
7,2014-04-24,本・不・商
7,2014-04-25,可・ビン
7,2014-04-26,
7,2014-04-27,
7,2014-04-28,プ・油・特
7,2014-04-29,可・ビン
7,2014-04-30,ペット
7,2014-05-01,他資源
7,2014-05-02,可・ビン
7,2014-05-03,
7,2014-05-04,
7,2014-05-05,プ・油・特
7,2014-05-06,可・ビン
7,2014-05-07,カン
7,2014-05-08,本・不・商
7,2014-05-09,可・ビン
7,2014-05-10,
7,2014-05-11,
7,2014-05-12,プ・油・特
7,2014-05-13,可・ビン
7,2014-05-14,ペット
7,2014-05-15,他資源
7,2014-05-16,可・ビン
7,2014-05-17,
7,2014-05-18,
7,2014-05-19,プ・油・特
7,2014-05-20,可・ビン
7,2014-05-21,カン
7,2014-05-22,本・不・商
7,2014-05-23,可・ビン
7,2014-05-24,
7,2014-05-25,
7,2014-05-26,プ・油・特
7,2014-05-27,可・ビン
7,2014-05-28,ペット
7,2014-05-29,他資源
7,2014-05-30,可・ビン
7,2014-05-31,
7,2014-06-01,
7,2014-06-02,プ・油・特
7,2014-06-03,可・ビン
7,2014-06-04,カン
7,2014-06-05,本・不・商
7,2014-06-06,可・ビン
7,2014-06-07,
7,2014-06-08,
7,2014-06-09,プ・油・特
7,2014-06-10,可・ビン
7,2014-06-11,ペット
7,2014-06-12,他資源
7,2014-06-13,可・ビン
7,2014-06-14,
7,2014-06-15,
7,2014-06-16,プ・油・特
7,2014-06-17,可・ビン
7,2014-06-18,カン
7,2014-06-19,本・不・商
7,2014-06-20,可・ビン
7,2014-06-21,
7,2014-06-22,
7,2014-06-23,プ・油・特
7,2014-06-24,可・ビン
7,2014-06-25,ペット
7,2014-06-26,他資源
7,2014-06-27,可・ビン
7,2014-06-28,
7,2014-06-29,
7,2014-06-30,プ・油・特
7,2014-07-01,可・ビン
7,2014-07-02,カン
7,2014-07-03,本・不・商
7,2014-07-04,可・ビン
7,2014-07-05,
7,2014-07-06,
7,2014-07-07,プ・油・特
7,2014-07-08,可・ビン
7,2014-07-09,ペット
7,2014-07-10,他資源
7,2014-07-11,可・ビン
7,2014-07-12,
7,2014-07-13,
7,2014-07-14,プ・油・特
7,2014-07-15,可・ビン
7,2014-07-16,カン
7,2014-07-17,本・不・商
7,2014-07-18,可・ビン
7,2014-07-19,
7,2014-07-20,
7,2014-07-21,プ・油・特
7,2014-07-22,可・ビン
7,2014-07-23,ペット
7,2014-07-24,他資源
7,2014-07-25,可・ビン
7,2014-07-26,
7,2014-07-27,
7,2014-07-28,プ・油・特
7,2014-07-29,可・ビン
7,2014-07-30,カン
7,2014-07-31,本・不・商
7,2014-08-01,可・ビン
7,2014-08-02,
7,2014-08-03,
7,2014-08-04,プ・油・特
7,2014-08-05,可・ビン
7,2014-08-06,ペット
7,2014-08-07,他資源
7,2014-08-08,可・ビン
7,2014-08-09,
7,2014-08-10,
7,2014-08-11,プ・油・特
7,2014-08-12,可・ビン
7,2014-08-13,カン
7,2014-08-14,本・不・商
7,2014-08-15,可・ビン
7,2014-08-16,
7,2014-08-17,
7,2014-08-18,プ・油・特
7,2014-08-19,可・ビン
7,2014-08-20,ペット
7,2014-08-21,他資源
7,2014-08-22,可・ビン
7,2014-08-23,
7,2014-08-24,
7,2014-08-25,プ・油・特
7,2014-08-26,可・ビン
7,2014-08-27,カン
7,2014-08-28,本・不・商
7,2014-08-29,可・ビン
7,2014-08-30,
7,2014-08-31,
7,2014-09-01,プ・油・特
7,2014-09-02,可・ビン
7,2014-09-03,ペット
7,2014-09-04,他資源
7,2014-09-05,可・ビン
7,2014-09-06,
7,2014-09-07,
7,2014-09-08,プ・油・特
7,2014-09-09,可・ビン
7,2014-09-10,カン
7,2014-09-11,本・不・商
7,2014-09-12,可・ビン
7,2014-09-13,
7,2014-09-14,
7,2014-09-15,プ・油・特
7,2014-09-16,可・ビン
7,2014-09-17,ペット
7,2014-09-18,他資源
7,2014-09-19,可・ビン
7,2014-09-20,
7,2014-09-21,
7,2014-09-22,プ・油・特
7,2014-09-23,可・ビン
7,2014-09-24,カン
7,2014-09-25,本・不・商
7,2014-09-26,可・ビン
7,2014-09-27,
7,2014-09-28,
7,2014-09-29,プ・油・特
7,2014-09-30,可・ビン
7,2014-10-01,ペット
7,2014-10-02,他資源
7,2014-10-03,可・ビン
7,2014-10-04,
7,2014-10-05,
7,2014-10-06,プ・油・特
7,2014-10-07,可・ビン
7,2014-10-08,カン
7,2014-10-09,本・不・商
7,2014-10-10,可・ビン
7,2014-10-11,
7,2014-10-12,
7,2014-10-13,プ・油・特
7,2014-10-14,可・ビン
7,2014-10-15,ペット
7,2014-10-16,他資源
7,2014-10-17,可・ビン
7,2014-10-18,
7,2014-10-19,
7,2014-10-20,プ・油・特
7,2014-10-21,可・ビン
7,2014-10-22,カン
7,2014-10-23,本・不・商
7,2014-10-24,可・ビン
7,2014-10-25,
7,2014-10-26,
7,2014-10-27,プ・油・特
7,2014-10-28,可・ビン
7,2014-10-29,ペット
7,2014-10-30,他資源
7,2014-10-31,可・ビン
7,2014-11-01,
7,2014-11-02,
7,2014-11-03,プ・油・特
7,2014-11-04,可・ビン
7,2014-11-05,カン
7,2014-11-06,本・不・商
7,2014-11-07,可・ビン
7,2014-11-08,
7,2014-11-09,
7,2014-11-10,プ・油・特
7,2014-11-11,可・ビン
7,2014-11-12,ペット
7,2014-11-13,他資源
7,2014-11-14,可・ビン
7,2014-11-15,
7,2014-11-16,
7,2014-11-17,プ・油・特
7,2014-11-18,可・ビン
7,2014-11-19,カン
7,2014-11-20,本・不・商
7,2014-11-21,可・ビン
7,2014-11-22,
7,2014-11-23,
7,2014-11-24,プ・油・特
7,2014-11-25,可・ビン
7,2014-11-26,ペット
7,2014-11-27,他資源
7,2014-11-28,可・ビン
7,2014-11-29,
7,2014-11-30,
7,2014-12-01,プ・油・特
7,2014-12-02,可・ビン
7,2014-12-03,カン
7,2014-12-04,本・不・商
7,2014-12-05,可・ビン
7,2014-12-06,
7,2014-12-07,
7,2014-12-08,プ・油・特
7,2014-12-09,可・ビン
7,2014-12-10,ペット
7,2014-12-11,他資源
7,2014-12-12,可・ビン
7,2014-12-13,
7,2014-12-14,
7,2014-12-15,プ・油・特
7,2014-12-16,可・ビン
7,2014-12-17,カン
7,2014-12-18,本・不・商
7,2014-12-19,可・ビン
7,2014-12-20,
7,2014-12-21,
7,2014-12-22,プ・油・特
7,2014-12-23,可・ビン
7,2014-12-24,ペット
7,2014-12-25,他資源
7,2014-12-26,可・ビン
7,2014-12-27,
7,2014-12-28,
7,2014-12-29,プ・油・特
7,2014-12-30,可・ビン
7,2014-12-31,
7,2015-01-01,
7,2015-01-02,
7,2015-01-03,
7,2015-01-04,
7,2015-01-05,プ・油・特
7,2015-01-06,可・ビン
7,2015-01-07,カン
7,2015-01-08,本・不・商
7,2015-01-09,可・ビン
7,2015-01-10,
7,2015-01-11,
7,2015-01-12,プ・油・特
7,2015-01-13,可・ビン
7,2015-01-14,ペット
7,2015-01-15,他資源
7,2015-01-16,可・ビン
7,2015-01-17,
7,2015-01-18,
7,2015-01-19,プ・油・特
7,2015-01-20,可・ビン
7,2015-01-21,カン
7,2015-01-22,本・不・商
7,2015-01-23,可・ビン
7,2015-01-24,
7,2015-01-25,
7,2015-01-26,プ・油・特
7,2015-01-27,可・ビン
7,2015-01-28,ペット
7,2015-01-29,他資源
7,2015-01-30,可・ビン
7,2015-01-31,
7,2015-02-01,
7,2015-02-02,プ・油・特
7,2015-02-03,可・ビン
7,2015-02-04,カン
7,2015-02-05,本・不・商
7,2015-02-06,可・ビン
7,2015-02-07,
7,2015-02-08,
7,2015-02-09,プ・油・特
7,2015-02-10,可・ビン
7,2015-02-11,ペット
7,2015-02-12,他資源
7,2015-02-13,可・ビン
7,2015-02-14,
7,2015-02-15,
7,2015-02-16,プ・油・特
7,2015-02-17,可・ビン
7,2015-02-18,カン
7,2015-02-19,本・不・商
7,2015-02-20,可・ビン
7,2015-02-21,
7,2015-02-22,
7,2015-02-23,プ・油・特
7,2015-02-24,可・ビン
7,2015-02-25,ペット
7,2015-02-26,他資源
7,2015-02-27,可・ビン
7,2015-02-28,
7,2015-03-01,
7,2015-03-02,プ・油・特
7,2015-03-03,可・ビン
7,2015-03-04,カン
7,2015-03-05,本・不・商
7,2015-03-06,可・ビン
7,2015-03-07,
7,2015-03-08,
7,2015-03-09,プ・油・特
7,2015-03-10,可・ビン
7,2015-03-11,ペット
7,2015-03-12,他資源
7,2015-03-13,可・ビン
7,2015-03-14,
7,2015-03-15,
7,2015-03-16,プ・油・特
7,2015-03-17,可・ビン
7,2015-03-18,カン
7,2015-03-19,本・不・商
7,2015-03-20,可・ビン
7,2015-03-21,
7,2015-03-22,
7,2015-03-23,プ・油・特
7,2015-03-24,可・ビン
7,2015-03-25,ペット
7,2015-03-26,他資源
7,2015-03-27,可・ビン
7,2015-03-28,
7,2015-03-29,
7,2015-03-30,プ・油・特
7,2015-03-31,可・ビン
8,2014-04-01,可・ビン
8,2014-04-02,プ・油・特
8,2014-04-03,カン
8,2014-04-04,可・ビン
8,2014-04-05,
8,2014-04-06,
8,2014-04-07,他資源
8,2014-04-08,可・ビン
8,2014-04-09,プ・油・特
8,2014-04-10,ペット
8,2014-04-11,可・ビン
8,2014-04-12,
8,2014-04-13,
8,2014-04-14,本・不・商
8,2014-04-15,可・ビン
8,2014-04-16,プ・油・特
8,2014-04-17,カン
8,2014-04-18,可・ビン
8,2014-04-19,
8,2014-04-20,
8,2014-04-21,他資源
8,2014-04-22,可・ビン
8,2014-04-23,プ・油・特
8,2014-04-24,ペット
8,2014-04-25,可・ビン
8,2014-04-26,
8,2014-04-27,
8,2014-04-28,本・不・商
8,2014-04-29,可・ビン
8,2014-04-30,プ・油・特
8,2014-05-01,カン
8,2014-05-02,可・ビン
8,2014-05-03,
8,2014-05-04,
8,2014-05-05,他資源
8,2014-05-06,可・ビン
8,2014-05-07,プ・油・特
8,2014-05-08,ペット
8,2014-05-09,可・ビン
8,2014-05-10,
8,2014-05-11,
8,2014-05-12,本・不・商
8,2014-05-13,可・ビン
8,2014-05-14,プ・油・特
8,2014-05-15,カン
8,2014-05-16,可・ビン
8,2014-05-17,
8,2014-05-18,
8,2014-05-19,他資源
8,2014-05-20,可・ビン
8,2014-05-21,プ・油・特
8,2014-05-22,ペット
8,2014-05-23,可・ビン
8,2014-05-24,
8,2014-05-25,
8,2014-05-26,本・不・商
8,2014-05-27,可・ビン
8,2014-05-28,プ・油・特
8,2014-05-29,カン
8,2014-05-30,可・ビン
8,2014-05-31,
8,2014-06-01,
8,2014-06-02,他資源
8,2014-06-03,可・ビン
8,2014-06-04,プ・油・特
8,2014-06-05,ペット
8,2014-06-06,可・ビン
8,2014-06-07,
8,2014-06-08,
8,2014-06-09,本・不・商
8,2014-06-10,可・ビン
8,2014-06-11,プ・油・特
8,2014-06-12,カン
8,2014-06-13,可・ビン
8,2014-06-14,
8,2014-06-15,
8,2014-06-16,他資源
8,2014-06-17,可・ビン
8,2014-06-18,プ・油・特
8,2014-06-19,ペット
8,2014-06-20,可・ビン
8,2014-06-21,
8,2014-06-22,
8,2014-06-23,本・不・商
8,2014-06-24,可・ビン
8,2014-06-25,プ・油・特
8,2014-06-26,カン
8,2014-06-27,可・ビン
8,2014-06-28,
8,2014-06-29,
8,2014-06-30,他資源
8,2014-07-01,可・ビン
8,2014-07-02,プ・油・特
8,2014-07-03,ペット
8,2014-07-04,可・ビン
8,2014-07-05,
8,2014-07-06,
8,2014-07-07,本・不・商
8,2014-07-08,可・ビン
8,2014-07-09,プ・油・特
8,2014-07-10,カン
8,2014-07-11,可・ビン
8,2014-07-12,
8,2014-07-13,
8,2014-07-14,他資源
8,2014-07-15,可・ビン
8,2014-07-16,プ・油・特
8,2014-07-17,ペット
8,2014-07-18,可・ビン
8,2014-07-19,
8,2014-07-20,
8,2014-07-21,本・不・商
8,2014-07-22,可・ビン
8,2014-07-23,プ・油・特
8,2014-07-24,カン
8,2014-07-25,可・ビン
8,2014-07-26,
8,2014-07-27,
8,2014-07-28,他資源
8,2014-07-29,可・ビン
8,2014-07-30,プ・油・特
8,2014-07-31,ペット
8,2014-08-01,可・ビン
8,2014-08-02,
8,2014-08-03,
8,2014-08-04,本・不・商
8,2014-08-05,可・ビン
8,2014-08-06,プ・油・特
8,2014-08-07,カン
8,2014-08-08,可・ビン
8,2014-08-09,
8,2014-08-10,
8,2014-08-11,他資源
8,2014-08-12,可・ビン
8,2014-08-13,プ・油・特
8,2014-08-14,ペット
8,2014-08-15,可・ビン
8,2014-08-16,
8,2014-08-17,
8,2014-08-18,本・不・商
8,2014-08-19,可・ビン
8,2014-08-20,プ・油・特
8,2014-08-21,カン
8,2014-08-22,可・ビン
8,2014-08-23,
8,2014-08-24,
8,2014-08-25,他資源
8,2014-08-26,可・ビン
8,2014-08-27,プ・油・特
8,2014-08-28,ペット
8,2014-08-29,可・ビン
8,2014-08-30,
8,2014-08-31,
8,2014-09-01,本・不・商
8,2014-09-02,可・ビン
8,2014-09-03,プ・油・特
8,2014-09-04,カン
8,2014-09-05,可・ビン
8,2014-09-06,
8,2014-09-07,
8,2014-09-08,他資源
8,2014-09-09,可・ビン
8,2014-09-10,プ・油・特
8,2014-09-11,ペット
8,2014-09-12,可・ビン
8,2014-09-13,
8,2014-09-14,
8,2014-09-15,本・不・商
8,2014-09-16,可・ビン
8,2014-09-17,プ・油・特
8,2014-09-18,カン
8,2014-09-19,可・ビン
8,2014-09-20,
8,2014-09-21,
8,2014-09-22,他資源
8,2014-09-23,可・ビン
8,2014-09-24,プ・油・特
8,2014-09-25,ペット
8,2014-09-26,可・ビン
8,2014-09-27,
8,2014-09-28,
8,2014-09-29,本・不・商
8,2014-09-30,可・ビン
8,2014-10-01,プ・油・特
8,2014-10-02,カン
8,2014-10-03,可・ビン
8,2014-10-04,
8,2014-10-05,
8,2014-10-06,他資源
8,2014-10-07,可・ビン
8,2014-10-08,プ・油・特
8,2014-10-09,ペット
8,2014-10-10,可・ビン
8,2014-10-11,
8,2014-10-12,
8,2014-10-13,本・不・商
8,2014-10-14,可・ビン
8,2014-10-15,プ・油・特
8,2014-10-16,カン
8,2014-10-17,可・ビン
8,2014-10-18,
8,2014-10-19,
8,2014-10-20,他資源
8,2014-10-21,可・ビン
8,2014-10-22,プ・油・特
8,2014-10-23,ペット
8,2014-10-24,可・ビン
8,2014-10-25,
8,2014-10-26,
8,2014-10-27,本・不・商
8,2014-10-28,可・ビン
8,2014-10-29,プ・油・特
8,2014-10-30,カン
8,2014-10-31,可・ビン
8,2014-11-01,
8,2014-11-02,
8,2014-11-03,他資源
8,2014-11-04,可・ビン
8,2014-11-05,プ・油・特
8,2014-11-06,ペット
8,2014-11-07,可・ビン
8,2014-11-08,
8,2014-11-09,
8,2014-11-10,本・不・商
8,2014-11-11,可・ビン
8,2014-11-12,プ・油・特
8,2014-11-13,カン
8,2014-11-14,可・ビン
8,2014-11-15,
8,2014-11-16,
8,2014-11-17,他資源
8,2014-11-18,可・ビン
8,2014-11-19,プ・油・特
8,2014-11-20,ペット
8,2014-11-21,可・ビン
8,2014-11-22,
8,2014-11-23,
8,2014-11-24,本・不・商
8,2014-11-25,可・ビン
8,2014-11-26,プ・油・特
8,2014-11-27,カン
8,2014-11-28,可・ビン
8,2014-11-29,
8,2014-11-30,
8,2014-12-01,他資源
8,2014-12-02,可・ビン
8,2014-12-03,プ・油・特
8,2014-12-04,ペット
8,2014-12-05,可・ビン
8,2014-12-06,
8,2014-12-07,
8,2014-12-08,本・不・商
8,2014-12-09,可・ビン
8,2014-12-10,プ・油・特
8,2014-12-11,カン
8,2014-12-12,可・ビン
8,2014-12-13,
8,2014-12-14,
8,2014-12-15,他資源
8,2014-12-16,可・ビン
8,2014-12-17,プ・油・特
8,2014-12-18,ペット
8,2014-12-19,可・ビン
8,2014-12-20,
8,2014-12-21,
8,2014-12-22,本・不・商
8,2014-12-23,可・ビン
8,2014-12-24,プ・油・特
8,2014-12-25,カン
8,2014-12-26,可・ビン
8,2014-12-27,
8,2014-12-28,
8,2014-12-29,他資源
8,2014-12-30,可・ビン
8,2014-12-31,
8,2015-01-01,
8,2015-01-02,
8,2015-01-03,
8,2015-01-04,
8,2015-01-05,本・不・商
8,2015-01-06,可・ビン
8,2015-01-07,プ・油・特
8,2015-01-08,ペット
8,2015-01-09,可・ビン
8,2015-01-10,
8,2015-01-11,
8,2015-01-12,他資源
8,2015-01-13,可・ビン
8,2015-01-14,プ・油・特
8,2015-01-15,カン
8,2015-01-16,可・ビン
8,2015-01-17,
8,2015-01-18,
8,2015-01-19,本・不・商
8,2015-01-20,可・ビン
8,2015-01-21,プ・油・特
8,2015-01-22,ペット
8,2015-01-23,可・ビン
8,2015-01-24,
8,2015-01-25,
8,2015-01-26,他資源
8,2015-01-27,可・ビン
8,2015-01-28,プ・油・特
8,2015-01-29,カン
8,2015-01-30,可・ビン
8,2015-01-31,
8,2015-02-01,
8,2015-02-02,本・不・商
8,2015-02-03,可・ビン
8,2015-02-04,プ・油・特
8,2015-02-05,ペット
8,2015-02-06,可・ビン
8,2015-02-07,
8,2015-02-08,
8,2015-02-09,他資源
8,2015-02-10,可・ビン
8,2015-02-11,プ・油・特
8,2015-02-12,カン
8,2015-02-13,可・ビン
8,2015-02-14,
8,2015-02-15,
8,2015-02-16,本・不・商
8,2015-02-17,可・ビン
8,2015-02-18,プ・油・特
8,2015-02-19,ペット
8,2015-02-20,可・ビン
8,2015-02-21,
8,2015-02-22,
8,2015-02-23,他資源
8,2015-02-24,可・ビン
8,2015-02-25,プ・油・特
8,2015-02-26,カン
8,2015-02-27,可・ビン
8,2015-02-28,
8,2015-03-01,
8,2015-03-02,本・不・商
8,2015-03-03,可・ビン
8,2015-03-04,プ・油・特
8,2015-03-05,ペット
8,2015-03-06,可・ビン
8,2015-03-07,
8,2015-03-08,
8,2015-03-09,他資源
8,2015-03-10,可・ビン
8,2015-03-11,プ・油・特
8,2015-03-12,カン
8,2015-03-13,可・ビン
8,2015-03-14,
8,2015-03-15,
8,2015-03-16,本・不・商
8,2015-03-17,可・ビン
8,2015-03-18,プ・油・特
8,2015-03-19,ペット
8,2015-03-20,可・ビン
8,2015-03-21,
8,2015-03-22,
8,2015-03-23,他資源
8,2015-03-24,可・ビン
8,2015-03-25,プ・油・特
8,2015-03-26,カン
8,2015-03-27,可・ビン
8,2015-03-28,
8,2015-03-29,
8,2015-03-30,本・不・商
8,2015-03-31,可・ビン
9,2014-04-01,可・ビン
9,2014-04-02,プ・油・特
9,2014-04-03,ペット
9,2014-04-04,可・ビン
9,2014-04-05,
9,2014-04-06,
9,2014-04-07,本・不・商
9,2014-04-08,可・ビン
9,2014-04-09,プ・油・特
9,2014-04-10,カン
9,2014-04-11,可・ビン
9,2014-04-12,
9,2014-04-13,
9,2014-04-14,他資源
9,2014-04-15,可・ビン
9,2014-04-16,プ・油・特
9,2014-04-17,ペット
9,2014-04-18,可・ビン
9,2014-04-19,
9,2014-04-20,
9,2014-04-21,本・不・商
9,2014-04-22,可・ビン
9,2014-04-23,プ・油・特
9,2014-04-24,カン
9,2014-04-25,可・ビン
9,2014-04-26,
9,2014-04-27,
9,2014-04-28,他資源
9,2014-04-29,可・ビン
9,2014-04-30,プ・油・特
9,2014-05-01,ペット
9,2014-05-02,可・ビン
9,2014-05-03,
9,2014-05-04,
9,2014-05-05,本・不・商
9,2014-05-06,可・ビン
9,2014-05-07,プ・油・特
9,2014-05-08,カン
9,2014-05-09,可・ビン
9,2014-05-10,
9,2014-05-11,
9,2014-05-12,他資源
9,2014-05-13,可・ビン
9,2014-05-14,プ・油・特
9,2014-05-15,ペット
9,2014-05-16,可・ビン
9,2014-05-17,
9,2014-05-18,
9,2014-05-19,本・不・商
9,2014-05-20,可・ビン
9,2014-05-21,プ・油・特
9,2014-05-22,カン
9,2014-05-23,可・ビン
9,2014-05-24,
9,2014-05-25,
9,2014-05-26,他資源
9,2014-05-27,可・ビン
9,2014-05-28,プ・油・特
9,2014-05-29,ペット
9,2014-05-30,可・ビン
9,2014-05-31,
9,2014-06-01,
9,2014-06-02,本・不・商
9,2014-06-03,可・ビン
9,2014-06-04,プ・油・特
9,2014-06-05,カン
9,2014-06-06,可・ビン
9,2014-06-07,
9,2014-06-08,
9,2014-06-09,他資源
9,2014-06-10,可・ビン
9,2014-06-11,プ・油・特
9,2014-06-12,ペット
9,2014-06-13,可・ビン
9,2014-06-14,
9,2014-06-15,
9,2014-06-16,本・不・商
9,2014-06-17,可・ビン
9,2014-06-18,プ・油・特
9,2014-06-19,カン
9,2014-06-20,可・ビン
9,2014-06-21,
9,2014-06-22,
9,2014-06-23,他資源
9,2014-06-24,可・ビン
9,2014-06-25,プ・油・特
9,2014-06-26,ペット
9,2014-06-27,可・ビン
9,2014-06-28,
9,2014-06-29,
9,2014-06-30,本・不・商
9,2014-07-01,可・ビン
9,2014-07-02,プ・油・特
9,2014-07-03,カン
9,2014-07-04,可・ビン
9,2014-07-05,
9,2014-07-06,
9,2014-07-07,他資源
9,2014-07-08,可・ビン
9,2014-07-09,プ・油・特
9,2014-07-10,ペット
9,2014-07-11,可・ビン
9,2014-07-12,
9,2014-07-13,
9,2014-07-14,本・不・商
9,2014-07-15,可・ビン
9,2014-07-16,プ・油・特
9,2014-07-17,カン
9,2014-07-18,可・ビン
9,2014-07-19,
9,2014-07-20,
9,2014-07-21,他資源
9,2014-07-22,可・ビン
9,2014-07-23,プ・油・特
9,2014-07-24,ペット
9,2014-07-25,可・ビン
9,2014-07-26,
9,2014-07-27,
9,2014-07-28,本・不・商
9,2014-07-29,可・ビン
9,2014-07-30,プ・油・特
9,2014-07-31,カン
9,2014-08-01,可・ビン
9,2014-08-02,
9,2014-08-03,
9,2014-08-04,他資源
9,2014-08-05,可・ビン
9,2014-08-06,プ・油・特
9,2014-08-07,ペット
9,2014-08-08,可・ビン
9,2014-08-09,
9,2014-08-10,
9,2014-08-11,本・不・商
9,2014-08-12,可・ビン
9,2014-08-13,プ・油・特
9,2014-08-14,カン
9,2014-08-15,可・ビン
9,2014-08-16,
9,2014-08-17,
9,2014-08-18,他資源
9,2014-08-19,可・ビン
9,2014-08-20,プ・油・特
9,2014-08-21,ペット
9,2014-08-22,可・ビン
9,2014-08-23,
9,2014-08-24,
9,2014-08-25,本・不・商
9,2014-08-26,可・ビン
9,2014-08-27,プ・油・特
9,2014-08-28,カン
9,2014-08-29,可・ビン
9,2014-08-30,
9,2014-08-31,
9,2014-09-01,他資源
9,2014-09-02,可・ビン
9,2014-09-03,プ・油・特
9,2014-09-04,ペット
9,2014-09-05,可・ビン
9,2014-09-06,
9,2014-09-07,
9,2014-09-08,本・不・商
9,2014-09-09,可・ビン
9,2014-09-10,プ・油・特
9,2014-09-11,カン
9,2014-09-12,可・ビン
9,2014-09-13,
9,2014-09-14,
9,2014-09-15,他資源
9,2014-09-16,可・ビン
9,2014-09-17,プ・油・特
9,2014-09-18,ペット
9,2014-09-19,可・ビン
9,2014-09-20,
9,2014-09-21,
9,2014-09-22,本・不・商
9,2014-09-23,可・ビン
9,2014-09-24,プ・油・特
9,2014-09-25,カン
9,2014-09-26,可・ビン
9,2014-09-27,
9,2014-09-28,
9,2014-09-29,他資源
9,2014-09-30,可・ビン
9,2014-10-01,プ・油・特
9,2014-10-02,ペット
9,2014-10-03,可・ビン
9,2014-10-04,
9,2014-10-05,
9,2014-10-06,本・不・商
9,2014-10-07,可・ビン
9,2014-10-08,プ・油・特
9,2014-10-09,カン
9,2014-10-10,可・ビン
9,2014-10-11,
9,2014-10-12,
9,2014-10-13,他資源
9,2014-10-14,可・ビン
9,2014-10-15,プ・油・特
9,2014-10-16,ペット
9,2014-10-17,可・ビン
9,2014-10-18,
9,2014-10-19,
9,2014-10-20,本・不・商
9,2014-10-21,可・ビン
9,2014-10-22,プ・油・特
9,2014-10-23,カン
9,2014-10-24,可・ビン
9,2014-10-25,
9,2014-10-26,
9,2014-10-27,他資源
9,2014-10-28,可・ビン
9,2014-10-29,プ・油・特
9,2014-10-30,ペット
9,2014-10-31,可・ビン
9,2014-11-01,
9,2014-11-02,
9,2014-11-03,本・不・商
9,2014-11-04,可・ビン
9,2014-11-05,プ・油・特
9,2014-11-06,カン
9,2014-11-07,可・ビン
9,2014-11-08,
9,2014-11-09,
9,2014-11-10,他資源
9,2014-11-11,可・ビン
9,2014-11-12,プ・油・特
9,2014-11-13,ペット
9,2014-11-14,可・ビン
9,2014-11-15,
9,2014-11-16,
9,2014-11-17,本・不・商
9,2014-11-18,可・ビン
9,2014-11-19,プ・油・特
9,2014-11-20,カン
9,2014-11-21,可・ビン
9,2014-11-22,
9,2014-11-23,
9,2014-11-24,他資源
9,2014-11-25,可・ビン
9,2014-11-26,プ・油・特
9,2014-11-27,ペット
9,2014-11-28,可・ビン
9,2014-11-29,
9,2014-11-30,
9,2014-12-01,本・不・商
9,2014-12-02,可・ビン
9,2014-12-03,プ・油・特
9,2014-12-04,カン
9,2014-12-05,可・ビン
9,2014-12-06,
9,2014-12-07,
9,2014-12-08,他資源
9,2014-12-09,可・ビン
9,2014-12-10,プ・油・特
9,2014-12-11,ペット
9,2014-12-12,可・ビン
9,2014-12-13,
9,2014-12-14,
9,2014-12-15,本・不・商
9,2014-12-16,可・ビン
9,2014-12-17,プ・油・特
9,2014-12-18,カン
9,2014-12-19,可・ビン
9,2014-12-20,
9,2014-12-21,
9,2014-12-22,他資源
9,2014-12-23,可・ビン
9,2014-12-24,プ・油・特
9,2014-12-25,ペット
9,2014-12-26,可・ビン
9,2014-12-27,
9,2014-12-28,
9,2014-12-29,本・不・商
9,2014-12-30,可・ビン
9,2014-12-31,
9,2015-01-01,
9,2015-01-02,
9,2015-01-03,
9,2015-01-04,
9,2015-01-05,他資源
9,2015-01-06,可・ビン
9,2015-01-07,プ・油・特
9,2015-01-08,カン
9,2015-01-09,可・ビン
9,2015-01-10,
9,2015-01-11,
9,2015-01-12,本・不・商
9,2015-01-13,可・ビン
9,2015-01-14,プ・油・特
9,2015-01-15,ペット
9,2015-01-16,可・ビン
9,2015-01-17,
9,2015-01-18,
9,2015-01-19,他資源
9,2015-01-20,可・ビン
9,2015-01-21,プ・油・特
9,2015-01-22,カン
9,2015-01-23,可・ビン
9,2015-01-24,
9,2015-01-25,
9,2015-01-26,本・不・商
9,2015-01-27,可・ビン
9,2015-01-28,プ・油・特
9,2015-01-29,ペット
9,2015-01-30,可・ビン
9,2015-01-31,
9,2015-02-01,
9,2015-02-02,他資源
9,2015-02-03,可・ビン
9,2015-02-04,プ・油・特
9,2015-02-05,カン
9,2015-02-06,可・ビン
9,2015-02-07,
9,2015-02-08,
9,2015-02-09,本・不・商
9,2015-02-10,可・ビン
9,2015-02-11,プ・油・特
9,2015-02-12,ペット
9,2015-02-13,可・ビン
9,2015-02-14,
9,2015-02-15,
9,2015-02-16,他資源
9,2015-02-17,可・ビン
9,2015-02-18,プ・油・特
9,2015-02-19,カン
9,2015-02-20,可・ビン
9,2015-02-21,
9,2015-02-22,
9,2015-02-23,本・不・商
9,2015-02-24,可・ビン
9,2015-02-25,プ・油・特
9,2015-02-26,ペット
9,2015-02-27,可・ビン
9,2015-02-28,
9,2015-03-01,
9,2015-03-02,他資源
9,2015-03-03,可・ビン
9,2015-03-04,プ・油・特
9,2015-03-05,カン
9,2015-03-06,可・ビン
9,2015-03-07,
9,2015-03-08,
9,2015-03-09,本・不・商
9,2015-03-10,可・ビン
9,2015-03-11,プ・油・特
9,2015-03-12,ペット
9,2015-03-13,可・ビン
9,2015-03-14,
9,2015-03-15,
9,2015-03-16,他資源
9,2015-03-17,可・ビン
9,2015-03-18,プ・油・特
9,2015-03-19,カン
9,2015-03-20,可・ビン
9,2015-03-21,
9,2015-03-22,
9,2015-03-23,本・不・商
9,2015-03-24,可・ビン
9,2015-03-25,プ・油・特
9,2015-03-26,ペット
9,2015-03-27,可・ビン
9,2015-03-28,
9,2015-03-29,
9,2015-03-30,他資源
9,2015-03-31,可・ビン
10,2014-04-01,可・ビン
10,2014-04-02,プ・油・特
10,2014-04-03,本・不・商
10,2014-04-04,可・ビン
10,2014-04-05,
10,2014-04-06,
10,2014-04-07,ペット
10,2014-04-08,可・ビン
10,2014-04-09,プ・油・特
10,2014-04-10,他資源
10,2014-04-11,可・ビン
10,2014-04-12,
10,2014-04-13,
10,2014-04-14,カン
10,2014-04-15,可・ビン
10,2014-04-16,プ・油・特
10,2014-04-17,本・不・商
10,2014-04-18,可・ビン
10,2014-04-19,
10,2014-04-20,
10,2014-04-21,ペット
10,2014-04-22,可・ビン
10,2014-04-23,プ・油・特
10,2014-04-24,他資源
10,2014-04-25,可・ビン
10,2014-04-26,
10,2014-04-27,
10,2014-04-28,カン
10,2014-04-29,可・ビン
10,2014-04-30,プ・油・特
10,2014-05-01,本・不・商
10,2014-05-02,可・ビン
10,2014-05-03,
10,2014-05-04,
10,2014-05-05,ペット
10,2014-05-06,可・ビン
10,2014-05-07,プ・油・特
10,2014-05-08,他資源
10,2014-05-09,可・ビン
10,2014-05-10,
10,2014-05-11,
10,2014-05-12,カン
10,2014-05-13,可・ビン
10,2014-05-14,プ・油・特
10,2014-05-15,本・不・商
10,2014-05-16,可・ビン
10,2014-05-17,
10,2014-05-18,
10,2014-05-19,ペット
10,2014-05-20,可・ビン
10,2014-05-21,プ・油・特
10,2014-05-22,他資源
10,2014-05-23,可・ビン
10,2014-05-24,
10,2014-05-25,
10,2014-05-26,カン
10,2014-05-27,可・ビン
10,2014-05-28,プ・油・特
10,2014-05-29,本・不・商
10,2014-05-30,可・ビン
10,2014-05-31,
10,2014-06-01,
10,2014-06-02,ペット
10,2014-06-03,可・ビン
10,2014-06-04,プ・油・特
10,2014-06-05,他資源
10,2014-06-06,可・ビン
10,2014-06-07,
10,2014-06-08,
10,2014-06-09,カン
10,2014-06-10,可・ビン
10,2014-06-11,プ・油・特
10,2014-06-12,本・不・商
10,2014-06-13,可・ビン
10,2014-06-14,
10,2014-06-15,
10,2014-06-16,ペット
10,2014-06-17,可・ビン
10,2014-06-18,プ・油・特
10,2014-06-19,他資源
10,2014-06-20,可・ビン
10,2014-06-21,
10,2014-06-22,
10,2014-06-23,カン
10,2014-06-24,可・ビン
10,2014-06-25,プ・油・特
10,2014-06-26,本・不・商
10,2014-06-27,可・ビン
10,2014-06-28,
10,2014-06-29,
10,2014-06-30,ペット
10,2014-07-01,可・ビン
10,2014-07-02,プ・油・特
10,2014-07-03,他資源
10,2014-07-04,可・ビン
10,2014-07-05,
10,2014-07-06,
10,2014-07-07,カン
10,2014-07-08,可・ビン
10,2014-07-09,プ・油・特
10,2014-07-10,本・不・商
10,2014-07-11,可・ビン
10,2014-07-12,
10,2014-07-13,
10,2014-07-14,ペット
10,2014-07-15,可・ビン
10,2014-07-16,プ・油・特
10,2014-07-17,他資源
10,2014-07-18,可・ビン
10,2014-07-19,
10,2014-07-20,
10,2014-07-21,カン
10,2014-07-22,可・ビン
10,2014-07-23,プ・油・特
10,2014-07-24,本・不・商
10,2014-07-25,可・ビン
10,2014-07-26,
10,2014-07-27,
10,2014-07-28,ペット
10,2014-07-29,可・ビン
10,2014-07-30,プ・油・特
10,2014-07-31,他資源
10,2014-08-01,可・ビン
10,2014-08-02,
10,2014-08-03,
10,2014-08-04,カン
10,2014-08-05,可・ビン
10,2014-08-06,プ・油・特
10,2014-08-07,本・不・商
10,2014-08-08,可・ビン
10,2014-08-09,
10,2014-08-10,
10,2014-08-11,ペット
10,2014-08-12,可・ビン
10,2014-08-13,プ・油・特
10,2014-08-14,他資源
10,2014-08-15,可・ビン
10,2014-08-16,
10,2014-08-17,
10,2014-08-18,カン
10,2014-08-19,可・ビン
10,2014-08-20,プ・油・特
10,2014-08-21,本・不・商
10,2014-08-22,可・ビン
10,2014-08-23,
10,2014-08-24,
10,2014-08-25,ペット
10,2014-08-26,可・ビン
10,2014-08-27,プ・油・特
10,2014-08-28,他資源
10,2014-08-29,可・ビン
10,2014-08-30,
10,2014-08-31,
10,2014-09-01,カン
10,2014-09-02,可・ビン
10,2014-09-03,プ・油・特
10,2014-09-04,本・不・商
10,2014-09-05,可・ビン
10,2014-09-06,
10,2014-09-07,
10,2014-09-08,ペット
10,2014-09-09,可・ビン
10,2014-09-10,プ・油・特
10,2014-09-11,他資源
10,2014-09-12,可・ビン
10,2014-09-13,
10,2014-09-14,
10,2014-09-15,カン
10,2014-09-16,可・ビン
10,2014-09-17,プ・油・特
10,2014-09-18,本・不・商
10,2014-09-19,可・ビン
10,2014-09-20,
10,2014-09-21,
10,2014-09-22,ペット
10,2014-09-23,可・ビン
10,2014-09-24,プ・油・特
10,2014-09-25,他資源
10,2014-09-26,可・ビン
10,2014-09-27,
10,2014-09-28,
10,2014-09-29,カン
10,2014-09-30,可・ビン
10,2014-10-01,プ・油・特
10,2014-10-02,本・不・商
10,2014-10-03,可・ビン
10,2014-10-04,
10,2014-10-05,
10,2014-10-06,ペット
10,2014-10-07,可・ビン
10,2014-10-08,プ・油・特
10,2014-10-09,他資源
10,2014-10-10,可・ビン
10,2014-10-11,
10,2014-10-12,
10,2014-10-13,カン
10,2014-10-14,可・ビン
10,2014-10-15,プ・油・特
10,2014-10-16,本・不・商
10,2014-10-17,可・ビン
10,2014-10-18,
10,2014-10-19,
10,2014-10-20,ペット
10,2014-10-21,可・ビン
10,2014-10-22,プ・油・特
10,2014-10-23,他資源
10,2014-10-24,可・ビン
10,2014-10-25,
10,2014-10-26,
10,2014-10-27,カン
10,2014-10-28,可・ビン
10,2014-10-29,プ・油・特
10,2014-10-30,本・不・商
10,2014-10-31,可・ビン
10,2014-11-01,
10,2014-11-02,
10,2014-11-03,ペット
10,2014-11-04,可・ビン
10,2014-11-05,プ・油・特
10,2014-11-06,他資源
10,2014-11-07,可・ビン
10,2014-11-08,
10,2014-11-09,
10,2014-11-10,カン
10,2014-11-11,可・ビン
10,2014-11-12,プ・油・特
10,2014-11-13,本・不・商
10,2014-11-14,可・ビン
10,2014-11-15,
10,2014-11-16,
10,2014-11-17,ペット
10,2014-11-18,可・ビン
10,2014-11-19,プ・油・特
10,2014-11-20,他資源
10,2014-11-21,可・ビン
10,2014-11-22,
10,2014-11-23,
10,2014-11-24,カン
10,2014-11-25,可・ビン
10,2014-11-26,プ・油・特
10,2014-11-27,本・不・商
10,2014-11-28,可・ビン
10,2014-11-29,
10,2014-11-30,
10,2014-12-01,ペット
10,2014-12-02,可・ビン
10,2014-12-03,プ・油・特
10,2014-12-04,他資源
10,2014-12-05,可・ビン
10,2014-12-06,
10,2014-12-07,
10,2014-12-08,カン
10,2014-12-09,可・ビン
10,2014-12-10,プ・油・特
10,2014-12-11,本・不・商
10,2014-12-12,可・ビン
10,2014-12-13,
10,2014-12-14,
10,2014-12-15,ペット
10,2014-12-16,可・ビン
10,2014-12-17,プ・油・特
10,2014-12-18,他資源
10,2014-12-19,可・ビン
10,2014-12-20,
10,2014-12-21,
10,2014-12-22,カン
10,2014-12-23,可・ビン
10,2014-12-24,プ・油・特
10,2014-12-25,本・不・商
10,2014-12-26,可・ビン
10,2014-12-27,
10,2014-12-28,
10,2014-12-29,ペット
10,2014-12-30,可・ビン
10,2014-12-31,
10,2015-01-01,
10,2015-01-02,
10,2015-01-03,
10,2015-01-04,
10,2015-01-05,カン
10,2015-01-06,可・ビン
10,2015-01-07,プ・油・特
10,2015-01-08,他資源
10,2015-01-09,可・ビン
10,2015-01-10,
10,2015-01-11,
10,2015-01-12,ペット
10,2015-01-13,可・ビン
10,2015-01-14,プ・油・特
10,2015-01-15,本・不・商
10,2015-01-16,可・ビン
10,2015-01-17,
10,2015-01-18,
10,2015-01-19,カン
10,2015-01-20,可・ビン
10,2015-01-21,プ・油・特
10,2015-01-22,他資源
10,2015-01-23,可・ビン
10,2015-01-24,
10,2015-01-25,
10,2015-01-26,ペット
10,2015-01-27,可・ビン
10,2015-01-28,プ・油・特
10,2015-01-29,本・不・商
10,2015-01-30,可・ビン
10,2015-01-31,
10,2015-02-01,
10,2015-02-02,カン
10,2015-02-03,可・ビン
10,2015-02-04,プ・油・特
10,2015-02-05,他資源
10,2015-02-06,可・ビン
10,2015-02-07,
10,2015-02-08,
10,2015-02-09,ペット
10,2015-02-10,可・ビン
10,2015-02-11,プ・油・特
10,2015-02-12,本・不・商
10,2015-02-13,可・ビン
10,2015-02-14,
10,2015-02-15,
10,2015-02-16,カン
10,2015-02-17,可・ビン
10,2015-02-18,プ・油・特
10,2015-02-19,他資源
10,2015-02-20,可・ビン
10,2015-02-21,
10,2015-02-22,
10,2015-02-23,ペット
10,2015-02-24,可・ビン
10,2015-02-25,プ・油・特
10,2015-02-26,本・不・商
10,2015-02-27,可・ビン
10,2015-02-28,
10,2015-03-01,
10,2015-03-02,カン
10,2015-03-03,可・ビン
10,2015-03-04,プ・油・特
10,2015-03-05,他資源
10,2015-03-06,可・ビン
10,2015-03-07,
10,2015-03-08,
10,2015-03-09,ペット
10,2015-03-10,可・ビン
10,2015-03-11,プ・油・特
10,2015-03-12,本・不・商
10,2015-03-13,可・ビン
10,2015-03-14,
10,2015-03-15,
10,2015-03-16,カン
10,2015-03-17,可・ビン
10,2015-03-18,プ・油・特
10,2015-03-19,他資源
10,2015-03-20,可・ビン
10,2015-03-21,
10,2015-03-22,
10,2015-03-23,ペット
10,2015-03-24,可・ビン
10,2015-03-25,プ・油・特
10,2015-03-26,本・不・商
10,2015-03-27,可・ビン
10,2015-03-28,
10,2015-03-29,
10,2015-03-30,カン
10,2015-03-31,可・ビン

#icons,num
カン,258
プ・油・特,513
ペット,258
他資源,258
可・ビン,1035
本・不・商,258

#types,num
カン,258
ビン,1035
プ,513
ペット,258
不,258
他資源,258
可,1035
商,258
本,258
油,513
特,513

